Id,m1
StatusCode,Complete
Messages,
Full label,eu-west-2:AWS/EC2 InstanceId:i-0d7074c42a197f9a5 CPUUtilization Average 300
Label,CPUUtilization
2026/07/22 22:45:00,5.18905650910337
2026/07/22 22:50:00,0.2666951009074008
2026/07/22 22:55:00,0.20994924793751996
2026/07/22 23:00:00,0.18671341078501805
2026/07/22 23:05:00,0.16667248429940423
2026/07/22 23:10:00,0.16999663387686964
2026/07/22 23:15:00,0.17000060925958962
2026/07/22 23:20:00,0.16833290636579443
2026/07/22 23:25:00,0.1599965120083424
2026/07/22 23:30:00,0.17333337763295228
2026/07/22 23:35:00,0.15996102669794926
2026/07/22 23:40:00,0.3747975147191577
2026/07/22 23:45:00,0.17500316190791704
2026/07/22 23:50:00,0.17503259090240145
2026/07/22 23:55:00,0.16829492561150244
2026/07/23 00:00:00,0.2034207074936621
2026/07/23 00:05:00,0.17833880764135043
2026/07/23 00:10:00,0.16995681071485694
2026/07/23 00:15:00,0.1683293845397742
2026/07/23 00:20:00,0.21009056334919557
2026/07/23 00:25:00,0.16829961816263164
2026/07/23 00:30:00,0.18167568559227862
2026/07/23 00:35:00,0.16836892809798082
2026/07/23 00:40:00,0.1849687007747412
2026/07/23 00:45:00,0.17170594476116754
2026/07/23 00:50:00,0.1716332763726774
2026/07/23 00:55:00,0.16666334023662532
2026/07/23 01:00:00,0.19166061819901192
2026/07/23 01:05:00,0.16669933446679708
2026/07/23 01:10:00,0.17328634428904954
2026/07/23 01:15:00,0.17000252102323363
2026/07/23 01:20:00,0.17169864509812544
2026/07/23 01:25:00,0.17166727596239137
2026/07/23 01:30:00,0.17499230997538295
2026/07/23 01:35:00,0.16833338025793917
2026/07/23 01:40:00,0.1766626895217005
2026/07/23 01:45:00,0.16500194378882188
2026/07/23 01:50:00,0.17662681500453103
2026/07/23 01:55:00,0.17332949507036144
2026/07/23 02:00:00,0.17337576421802098
2026/07/23 02:05:00,0.16999880001288153
2026/07/23 02:10:00,0.1716691888724817
2026/07/23 02:15:00,0.17166504508656336
2026/07/23 02:20:00,0.1733328814162898
2026/07/23 02:25:00,0.16832840335955682
2026/07/23 02:30:00,0.19165705266736976
2026/07/23 02:35:00,0.17162773094552147
2026/07/23 02:40:00,0.17170175092528714
2026/07/23 02:45:00,0.1733339383718444
2026/07/23 02:50:00,0.1699902531016924
2026/07/23 02:55:00,0.16996151262287598
2026/07/23 03:00:00,0.1816748831149723
2026/07/23 03:05:00,0.17003611623986054
2026/07/23 03:10:00,0.19665364847113165
2026/07/23 03:15:00,0.1716355698645091
2026/07/23 03:20:00,0.17500371483030674
2026/07/23 03:25:00,0.17333166357228272
2026/07/23 03:30:00,0.17003434525385527
2026/07/23 03:35:00,0.16662932013494883
2026/07/23 03:40:00,0.17337781488698828
2026/07/23 03:45:00,0.16496400111245363
2026/07/23 03:50:00,0.1716716701617194
2026/07/23 03:55:00,0.1700029666510042
2026/07/23 04:00:00,0.17166371519195162
2026/07/23 04:05:00,0.17170695975453948
2026/07/23 04:10:00,0.18829745344061805
2026/07/23 04:15:00,0.16836662188104756
2026/07/23 04:20:00,0.1733003403173576
2026/07/23 04:25:00,0.16166796168634845
2026/07/23 04:30:00,0.17504643092384825
2026/07/23 04:35:00,0.16999871586789747
2026/07/23 04:40:00,0.16829611183913165
2026/07/23 04:45:00,0.2533686317794791
2026/07/23 04:50:00,0.1749648724687777
2026/07/23 04:55:00,0.16666668435561693
2026/07/23 05:00:00,0.1800010378063927
2026/07/23 05:05:00,0.1650042727353494
2026/07/23 05:10:00,0.17003574335289645
2026/07/23 05:15:00,0.17162497840342686
2026/07/23 05:20:00,0.18833860800413627
2026/07/23 05:25:00,0.17337020474975814
2026/07/23 05:30:00,0.16996437123921837
2026/07/23 05:35:00,0.16503695661428158
2026/07/23 05:40:00,0.17496233787978777
2026/07/23 05:45:00,0.16670344718873314
2026/07/23 05:50:00,0.17332786725432925
2026/07/23 05:55:00,0.1666258934054609
2026/07/23 06:00:00,0.17000799301954422
2026/07/23 06:05:00,0.17003612029002077
2026/07/23 06:10:00,0.19166666668518514
2026/07/23 06:15:00,0.16829558309868126
2026/07/23 06:20:00,0.17500494269545594
2026/07/23 06:25:00,0.17170481332342624
2026/07/23 06:30:00,0.17662674801077385
2026/07/23 06:35:00,0.16503745662168906
2026/07/23 06:40:00,0.16999452390725275
2026/07/23 06:45:00,0.16829614461174985
2026/07/23 06:50:00,0.17170675304517713
2026/07/23 06:55:00,0.5699272884790314
2026/07/23 07:00:00,0.1883826384007901
2026/07/23 07:05:00,0.16499997225879623
2026/07/23 07:10:00,0.17333232777538068
2026/07/23 07:15:00,0.16666340688233258
2026/07/23 07:20:00,0.17166093635700236
2026/07/23 07:25:00,0.17000016052739989
2026/07/23 07:30:00,0.16999529867799185
2026/07/23 07:35:00,0.1666662488463925
2026/07/23 07:40:00,0.1733235023760345
2026/07/23 07:45:00,0.1650013011650026
2026/07/23 07:50:00,0.18829856567579267
2026/07/23 07:55:00,0.17670526133463355
2026/07/23 08:00:00,0.17329731687433209
2026/07/23 08:05:00,0.1733774321889391
2026/07/23 08:10:00,0.16829545288244638
2026/07/23 08:15:00,0.17000008215287413
2026/07/23 08:20:00,0.17167976510952906
2026/07/23 08:25:00,0.1650012661182119
2026/07/23 08:30:00,0.17333288103477706
2026/07/23 08:35:00,0.1666755902803824
2026/07/23 08:40:00,0.19000421909058496
2026/07/23 08:45:00,0.17003569604604066
2026/07/23 08:50:00,0.16995625387072857
2026/07/23 08:55:00,0.16666853998174722
2026/07/23 09:00:00,0.1700000492754779
2026/07/23 09:05:00,0.16666616159756859
2026/07/23 09:10:00,0.1733685921940079
2026/07/23 09:15:00,0.1682967562174793
2026/07/23 09:20:00,0.17503862709673876
2026/07/23 09:25:00,0.16829189727887106
2026/07/23 09:30:00,0.1700362297761102
2026/07/23 09:35:00,0.18668097708738707
2026/07/23 09:40:00,0.16996755562675492
2026/07/23 09:45:00,0.1700392880104413
2026/07/23 09:50:00,0.17166560056092833
2026/07/23 09:55:00,0.16333642233916298
2026/07/23 10:00:00,0.17500058336250013
2026/07/23 10:05:00,0.16499648603735229
2026/07/23 10:10:00,0.1682968356521843
2026/07/23 10:15:00,0.17337542238477463
2026/07/23 10:20:00,0.1699662582319797
2026/07/23 10:25:00,0.16666435560713982
2026/07/23 10:30:00,0.19171721598759367
2026/07/23 10:35:00,0.16662948477975506
2026/07/23 10:40:00,0.17000305121454112
2026/07/23 10:45:00,0.16503614682385637
2026/07/23 10:50:00,0.17000115967211465
2026/07/23 10:55:00,0.16996402327600085
2026/07/23 11:00:00,0.17166677512926426
2026/07/23 11:05:00,0.16336898615445744
2026/07/23 11:10:00,0.1749518727411704
2026/07/23 11:15:00,0.17003794664161104
2026/07/23 11:20:00,0.19329155027261255
2026/07/23 11:25:00,0.1683737713367765
2026/07/23 11:30:00,0.16833466029688562
2026/07/23 11:35:00,0.17333285992066289
2026/07/23 11:40:00,0.16996045689692002
2026/07/23 11:45:00,0.17000068079325434
2026/07/23 11:50:00,0.1733309084443379
2026/07/23 11:55:00,0.1667015928254913
2026/07/23 12:00:00,0.17828379145918224
2026/07/23 12:05:00,0.16670170392086175
2026/07/23 12:10:00,0.19666814294732646
2026/07/23 12:15:00,0.1716644932152997
2026/07/23 12:20:00,0.169962651549543
2026/07/23 12:25:00,0.1683352996697689
2026/07/23 12:30:00,0.17166507397398734
2026/07/23 12:35:00,0.16499806577386208
2026/07/23 12:40:00,0.1733357759371721
2026/07/23 12:45:00,0.16499883342407368
2026/07/23 12:50:00,0.17333927602786287
2026/07/23 12:55:00,0.16169889775952156
2026/07/23 13:00:00,0.1766301323423971
2026/07/23 13:05:00,0.17169581088849845
2026/07/23 13:10:00,0.16999458129227848
2026/07/23 13:15:00,0.16829578061320144
2026/07/23 13:20:00,0.19166616684166535
2026/07/23 13:25:00,0.16836703959784485
2026/07/23 13:30:00,0.1733315172351106
2026/07/23 13:35:00,0.1649952441501228
2026/07/23 13:40:00,0.17329075062715596
2026/07/23 13:45:00,0.1700012709580186
2026/07/23 13:50:00,0.16667402666042525
2026/07/23 13:55:00,0.16833338263210756
2026/07/23 14:00:00,0.17334533535638555
2026/07/23 14:05:00,0.1667017256553959
2026/07/23 14:10:00,0.1716629973489016
2026/07/23 14:15:00,0.16996037250745993
2026/07/23 14:20:00,0.17003559357753545
2026/07/23 14:25:00,0.1666649388753805
2026/07/23 14:30:00,0.16995976666513654
2026/07/23 14:35:00,0.17170937087776858
2026/07/23 14:40:00,0.16832287194274348
2026/07/23 14:45:00,0.18832042503889643
2026/07/23 14:50:00,0.17166329696185761
2026/07/23 14:55:00,0.1700006120736518
2026/07/23 15:00:00,0.1699643498266955
2026/07/23 15:05:00,0.16837447823091742
2026/07/23 15:10:00,0.16999485798968675
2026/07/23 15:15:00,0.17500417139032184
2026/07/23 15:20:00,0.1699598619099731
2026/07/23 15:25:00,0.16333334873148236
2026/07/23 15:30:00,0.17170472876294612
2026/07/23 15:35:00,0.18335231707589092
2026/07/23 15:40:00,0.1766226631595446
2026/07/23 15:45:00,0.16503492497550995
2026/07/23 15:50:00,0.1716312224967068
2026/07/23 15:55:00,0.16999596231933842
2026/07/23 16:00:00,0.1683365101779089
2026/07/23 16:05:00,0.16670161945745532
2026/07/23 16:10:00,0.17333279691488346
2026/07/23 16:15:00,0.16996630891587877
2026/07/23 16:20:00,0.1750374287730779
2026/07/23 16:25:00,0.18331101991383666
2026/07/23 16:30:00,0.17004412792333728
2026/07/23 16:35:00,0.1683309869510782
2026/07/23 16:40:00,0.16662303202358475
2026/07/23 16:45:00,0.16666674016674765
2026/07/23 16:50:00,0.17334233656338008
2026/07/23 16:55:00,0.1633305196914529
2026/07/23 17:00:00,0.17666512508695434
2026/07/23 17:05:00,0.16666421757479966
2026/07/23 17:10:00,0.17168042178641968
2026/07/23 17:15:00,0.1683334092047159
2026/07/23 17:20:00,0.17001079210434436
2026/07/23 17:25:00,0.17166874654206712
2026/07/23 17:30:00,0.17166626798943185
2026/07/23 17:35:00,0.16670283495935218
2026/07/23 17:40:00,0.17499733209809024
2026/07/23 17:45:00,0.16663002880899222
2026/07/23 17:50:00,0.17166721993347228
2026/07/23 17:55:00,0.17003456358635427
2026/07/23 18:00:00,0.18994899970719156
2026/07/23 18:05:00,0.17337415353886773
2026/07/23 18:10:00,0.16999129528306373
2026/07/23 18:15:00,0.16662883994813482
2026/07/23 18:20:00,0.19170489976324503
2026/07/23 18:25:00,0.16500013027787536
2026/07/23 18:30:00,0.16999025374022692
2026/07/23 18:35:00,0.16996498121237974
2026/07/23 18:40:00,0.17000041676528138
2026/07/23 18:45:00,0.1683697169319181
2026/07/23 18:50:00,0.168291340895132
2026/07/23 18:55:00,0.16499593811407662
2026/07/23 19:00:00,0.1733339635852838
2026/07/23 19:05:00,0.16500471737220407
2026/07/23 19:10:00,0.1717062896898603
2026/07/23 19:15:00,0.16829717806275787
2026/07/23 19:20:00,0.175002964052184
2026/07/23 19:25:00,0.16999480441715326
2026/07/23 19:30:00,0.1700086108527949
2026/07/23 19:35:00,0.18334856512927453
2026/07/23 19:40:00,0.1717069312147926
2026/07/23 19:45:00,0.16832762688712083
2026/07/23 19:50:00,0.17163713607902237
2026/07/23 19:55:00,0.16666560483195908
2026/07/23 20:00:00,0.17333861270589662
2026/07/23 20:05:00,0.16833112714683302
2026/07/23 20:10:00,0.171669735051903
2026/07/23 20:15:00,0.16836889909651598
2026/07/23 20:20:00,0.17333166689909435
2026/07/23 20:25:00,0.16500415919811331
2026/07/23 20:30:00,0.1699993333620368
2026/07/23 20:35:00,0.16333386113842602
2026/07/23 20:40:00,0.1716322860018869
2026/07/23 20:45:00,0.16836961621744134
2026/07/23 20:50:00,0.186681158626927
2026/07/23 20:55:00,0.1699976685482483
2026/07/23 21:00:00,0.1699677233544494
2026/07/23 21:05:00,0.16503665150645253
2026/07/23 21:10:00,0.17333510433857519
2026/07/23 21:15:00,0.16499951878249447
2026/07/23 21:20:00,0.1683322465164599
2026/07/23 21:25:00,0.24500191355036122
2026/07/23 21:30:00,0.16665741854776195
2026/07/23 21:35:00,0.1666341404914301
2026/07/23 21:40:00,0.1900383087663776
2026/07/23 21:45:00,0.1683339395726659
2026/07/23 21:50:00,0.1783325807448704
2026/07/23 21:55:00,0.16329667801275694
2026/07/23 22:00:00,0.17334724724335276
2026/07/23 22:05:00,0.17003742510239755
2026/07/23 22:10:00,0.16995494467186523
2026/07/23 22:15:00,0.1749958599745609
2026/07/23 22:20:00,0.17004408960406997
2026/07/23 22:25:00,0.17834605706527568
2026/07/23 22:30:00,0.17998570361992888
2026/07/23 22:35:00,0.16496387124662562
2026/07/23 22:40:00,0.17334053286309575
2026/07/23 22:45:00,0.16832993174705832
2026/07/23 22:50:00,0.19336376149173828
2026/07/23 22:55:00,0.16837006587429687
2026/07/23 23:00:00,0.19662713097150056
2026/07/23 23:05:00,0.16170100944539761
2026/07/23 23:10:00,0.16999608115486314
2026/07/23 23:15:00,0.16163109464192477
2026/07/23 23:20:00,0.1683760052437473
2026/07/23 23:25:00,0.16330821710888282
2026/07/23 23:30:00,0.17004154836501126
2026/07/23 23:35:00,0.16662888962616856
2026/07/23 23:40:00,0.1683376129664137
2026/07/23 23:45:00,0.1633363013430281
2026/07/23 23:50:00,0.1683784937826444
2026/07/23 23:55:00,0.2299683705931189
2026/07/24 00:00:00,0.21666519142666293
2026/07/24 00:05:00,0.18833407847590725
2026/07/24 00:10:00,0.16837789731274086
2026/07/24 00:15:00,0.164961568837493
2026/07/24 00:20:00,0.16834189313272438
2026/07/24 00:25:00,0.16169814530866983
2026/07/24 00:30:00,0.16830009155512798
2026/07/24 00:35:00,0.16166615375980467
2026/07/24 00:40:00,0.1766709459457103
2026/07/24 00:45:00,0.16336846445378725
2026/07/24 00:50:00,0.16496507615256006
2026/07/24 00:55:00,0.16670050945558265
2026/07/24 01:00:00,0.1683314628619502
2026/07/24 01:05:00,0.15999839261342833
2026/07/24 01:10:00,0.1916507687089102
2026/07/24 01:15:00,0.16666204756327654
2026/07/24 01:20:00,0.16829156124627
2026/07/24 01:25:00,0.1650052758070635
2026/07/24 01:30:00,0.1700420719431129
2026/07/24 01:35:00,0.16829678867572684
2026/07/24 01:40:00,0.16499950002685165
2026/07/24 01:45:00,0.1633316272342607
2026/07/24 01:50:00,0.17003556457520225
2026/07/24 01:55:00,0.16163345266670204
2026/07/24 02:00:00,0.17166607677311546
2026/07/24 02:05:00,0.1633689268553123
2026/07/24 02:10:00,0.16830088656642017
2026/07/24 02:15:00,0.17003734419287442
2026/07/24 02:20:00,0.16832616823738225
2026/07/24 02:25:00,0.16333578872586374
2026/07/24 02:30:00,0.1716574137641291
2026/07/24 02:35:00,0.1599668580593766
2026/07/24 02:40:00,0.1700390933706158
2026/07/24 02:45:00,0.16500015773201998
2026/07/24 02:50:00,0.1666213923602292
2026/07/24 02:55:00,0.18334150262991122
2026/07/24 03:00:00,0.17499571830098382
2026/07/24 03:05:00,0.16166602081022227
2026/07/24 03:10:00,0.17501010448396653
2026/07/24 03:15:00,0.16333341157416587
2026/07/24 03:20:00,0.16666793778601066
2026/07/24 03:25:00,0.16336785887897515
2026/07/24 03:30:00,0.16499519229821175
2026/07/24 03:35:00,0.18161534924899397
2026/07/24 03:40:00,0.16999865847906132
2026/07/24 03:45:00,0.16000378762910625
2026/07/24 03:50:00,0.17504517735256114
2026/07/24 03:55:00,0.16000151470898866
2026/07/24 04:00:00,0.16833404211421574
2026/07/24 04:05:00,0.16499596474604067
2026/07/24 04:10:00,0.16662464425474838
2026/07/24 04:15:00,0.16336849900091738
2026/07/24 04:20:00,0.16996509350681022
2026/07/24 04:25:00,0.16170536003860622
2026/07/24 04:30:00,0.17329889722503206
2026/07/24 04:35:00,0.1833840843543102
2026/07/24 04:40:00,0.16499349631190727
2026/07/24 04:45:00,0.16332469977693326
2026/07/24 04:50:00,0.16999066376366614
2026/07/24 04:55:00,0.16333562733627033
2026/07/24 05:00:00,0.16995973065823805
2026/07/24 05:05:00,0.18169997941262256
2026/07/24 05:10:00,0.1700012709580186
2026/07/24 05:15:00,0.16833515867284574
2026/07/24 05:20:00,0.16666409513815372
2026/07/24 05:25:00,0.16500364805119036
2026/07/24 05:30:00,0.17000018101026226
2026/07/24 05:35:00,0.15666639760950157
2026/07/24 05:40:00,0.17166719447175938
2026/07/24 05:45:00,0.15996457994093474
2026/07/24 05:50:00,0.1666999516158633
2026/07/24 05:55:00,0.16163282290564357
2026/07/24 06:00:00,0.16669868378907762
2026/07/24 06:05:00,0.16333584779826546
2026/07/24 06:10:00,0.23839432721482745
2026/07/24 06:15:00,0.1799983543563816
2026/07/24 06:20:00,0.16832873926596767
2026/07/24 06:25:00,0.27318429361245006
2026/07/24 06:30:00,0.16999836131712592
2026/07/24 06:35:00,0.16503615151663759
2026/07/24 06:40:00,0.16662031797587323
2026/07/24 06:45:00,0.16333574182070235
2026/07/24 06:50:00,0.16837422918237077
2026/07/24 06:55:00,0.17833338890648145
2026/07/24 07:00:00,0.17332258492444344
2026/07/24 07:05:00,0.15829961934262785
2026/07/24 07:10:00,0.1700372622119694
2026/07/24 07:15:00,0.16496883749446192
2026/07/24 07:20:00,0.18667387877612465
2026/07/24 07:25:00,0.16170384356596174
2026/07/24 07:30:00,0.16662348110784725
2026/07/24 07:35:00,0.16000243748889506
2026/07/24 07:40:00,0.1700033684386674
2026/07/24 07:45:00,0.16501029356793295
2026/07/24 07:50:00,0.17000837556250983
2026/07/24 07:55:00,0.1633671761213234
2026/07/24 08:00:00,0.16995454042292246
2026/07/24 08:05:00,0.16000199014721087
2026/07/24 08:10:00,0.16833693809273126
2026/07/24 08:15:00,0.16670061087020455
2026/07/24 08:20:00,0.171622902936119
2026/07/24 08:25:00,0.1633718176971532
2026/07/24 08:30:00,0.17999426129315801
2026/07/24 08:35:00,0.1732925133627094
2026/07/24 08:40:00,0.16670067408346062
2026/07/24 08:45:00,0.1616662410556309
2026/07/24 08:50:00,0.1716239080135505
2026/07/24 08:55:00,0.16169707288268445
2026/07/24 09:00:00,0.16666556381617947
2026/07/24 09:05:00,0.16666643343944545
2026/07/24 09:10:00,0.1666566527684759
2026/07/24 09:15:00,0.16833299827105425
2026/07/24 09:20:00,0.1683011659811903
2026/07/24 09:25:00,0.20499574927508618
2026/07/24 09:30:00,0.1717034036109839
2026/07/24 09:35:00,0.1600018479613618
2026/07/24 09:40:00,0.16833179072246343
2026/07/24 09:45:00,0.1616334438197973
2026/07/24 09:50:00,0.16667511047921252
2026/07/24 09:55:00,0.16003269577517415
2026/07/24 10:00:00,0.17332006069335945
2026/07/24 10:05:00,0.44317723724581165
2026/07/24 10:10:00,0.17666702158057074
2026/07/24 10:15:00,0.16166576029658725
2026/07/24 10:20:00,0.16833160806664918
2026/07/24 10:25:00,0.16333287781072164
2026/07/24 10:30:00,0.16834446974711129
2026/07/24 10:35:00,0.18171226340742405
2026/07/24 10:40:00,0.16666735098899582
2026/07/24 10:45:00,0.16000191087919666
2026/07/24 10:50:00,0.16829234323475548
2026/07/24 10:55:00,0.1583703583359982
2026/07/24 11:00:00,0.1699640367494156
2026/07/24 11:05:00,0.16333363226305586
2026/07/24 11:10:00,0.1683358316353611
2026/07/24 11:15:00,0.1700285303414682
2026/07/24 11:20:00,0.17162663830778851
2026/07/24 11:25:00,0.15836491074271755
2026/07/24 11:30:00,0.16995572708757306
2026/07/24 11:35:00,0.16166682470426513
2026/07/24 11:40:00,0.1683638558508011
2026/07/24 11:45:00,0.1666275861520442
2026/07/24 11:50:00,0.1650016550506202
2026/07/24 11:55:00,0.16166862514257901
2026/07/24 12:00:00,0.19170031514308486
2026/07/24 12:05:00,0.1599645256278634
2026/07/24 12:10:00,0.16670002800335476
2026/07/24 12:15:00,0.16663841378287708
2026/07/24 12:20:00,0.170045489911841
2026/07/24 12:25:00,0.1633000093592268
2026/07/24 12:30:00,0.16502670299194525
2026/07/24 12:35:00,0.18167533655638238
2026/07/24 12:40:00,0.17000022750278018
2026/07/24 12:45:00,0.15996503672904555
2026/07/24 12:50:00,0.16833222232962836
2026/07/24 12:55:00,0.1616642120297171
2026/07/24 13:00:00,0.1683779262780955
2026/07/24 13:05:00,0.16663003351081487
2026/07/24 13:10:00,0.16834171934299552
2026/07/24 13:15:00,0.16670232073005584
2026/07/24 13:20:00,0.16999691577290857
2026/07/24 13:25:00,0.1599995432013888
2026/07/24 13:30:00,0.18667041049319297
2026/07/24 13:35:00,0.16500362645040625
2026/07/24 13:40:00,0.17500013268134856
2026/07/24 13:45:00,0.16330147461349204
2026/07/24 13:50:00,0.17170962024741102
2026/07/24 13:55:00,0.24323200577386778
2026/07/24 14:00:00,0.18001483988342723
2026/07/24 14:05:00,0.1600327027893973
2026/07/24 14:10:00,0.16833837483867775
2026/07/24 14:15:00,0.16500007432879088
2026/07/24 14:20:00,0.16499943210617715
2026/07/24 14:25:00,0.1616295019659131
2026/07/24 14:30:00,0.1717136774570061
2026/07/24 14:35:00,0.16166746402342677
2026/07/24 14:40:00,0.1733248646801757
2026/07/24 14:45:00,0.18000036116712886
2026/07/24 14:50:00,0.1700017935335644
2026/07/24 14:55:00,0.16329967605839435
2026/07/24 15:00:00,0.17003657009740786
2026/07/24 15:05:00,0.1633293446900132
2026/07/24 15:10:00,0.17333402786342608
2026/07/24 15:15:00,0.16663433594367488
2026/07/24 15:20:00,0.19339886909947676
2026/07/24 15:25:00,0.1616650165399855
2026/07/24 15:30:00,0.169957962210303
2026/07/24 15:35:00,0.17166260742798942
2026/07/24 15:40:00,0.1683677508566372
2026/07/24 15:45:00,0.16332502461948356
2026/07/24 15:50:00,0.1699981007309437
2026/07/24 15:55:00,0.16333293051314238
2026/07/24 16:00:00,0.1733340720704525
2026/07/24 16:05:00,0.16163199793781707
2026/07/24 16:10:00,0.17166223077342346
2026/07/24 16:15:00,0.16670286151245578
2026/07/24 16:20:00,0.16832387860321762
2026/07/24 16:25:00,0.1599667860000354
2026/07/24 16:30:00,0.17000704831646254
2026/07/24 16:35:00,0.16170002511594433
2026/07/24 16:40:00,0.1866274456522838
2026/07/24 16:45:00,0.16333756951114303
2026/07/24 16:50:00,0.17000475260447848
2026/07/24 16:55:00,0.16666313254259596
2026/07/24 17:00:00,0.17003514302856954
2026/07/24 17:05:00,0.16166546168603665
2026/07/24 17:10:00,0.16996109324581515
2026/07/24 17:15:00,0.16333652269784818
2026/07/24 17:20:00,0.168339389680067
2026/07/24 17:25:00,0.16503733406469603
2026/07/24 17:30:00,0.16666314426054302
2026/07/24 17:35:00,0.18494977367936605
2026/07/24 17:40:00,0.16500070874220674
2026/07/24 17:45:00,0.16332762062589962
2026/07/24 17:50:00,0.17000240848736903
2026/07/24 17:55:00,0.16000209695228867
2026/07/24 18:00:00,0.1700435466443888
2026/07/24 18:05:00,0.17999753641471564
2026/07/24 18:10:00,0.1682932302993946
2026/07/24 18:15:00,0.16833333338888976
2026/07/24 18:20:00,0.16503136753181788
2026/07/24 18:25:00,0.16333346244360042
2026/07/24 18:30:00,0.16830505680380584
2026/07/24 18:35:00,0.1617022001583717
2026/07/24 18:40:00,0.16833191811360165
2026/07/24 18:45:00,0.16500092580230358
2026/07/24 18:50:00,0.16662859858584073
2026/07/24 18:55:00,0.16337016280077205
2026/07/24 19:00:00,0.17161058607929092
2026/07/24 19:05:00,0.17831892144679257
2026/07/24 19:10:00,0.1733327112624997
2026/07/24 19:15:00,0.16336523199320424
2026/07/24 19:20:00,0.16500002149723714
2026/07/24 19:25:00,0.16496400502064337
2026/07/24 19:30:00,0.16504100350305456
2026/07/24 19:35:00,0.16329786493877038
2026/07/24 19:40:00,0.17166904627015836
2026/07/24 19:45:00,0.16169874408891338
2026/07/24 19:50:00,0.17163059345032933
2026/07/24 19:55:00,0.15999882510776417
2026/07/24 20:00:00,0.16836817694188597
2026/07/24 20:05:00,0.16496327995487153
2026/07/24 20:10:00,0.16499768622026384
2026/07/24 20:15:00,0.16503086305254958
2026/07/24 20:20:00,0.16832807653125587
2026/07/24 20:25:00,0.16000123946412623
2026/07/24 20:30:00,0.1849592380317678
2026/07/24 20:35:00,0.16503681765178146
2026/07/24 20:40:00,0.16332905473877832
2026/07/24 20:45:00,0.16663053297270367
2026/07/24 20:50:00,0.16885146000166026
2026/07/24 20:55:00,0.1583033109742564
2026/07/24 21:00:00,0.17003648887547435
2026/07/24 21:05:00,0.15832856330377143
2026/07/24 21:10:00,0.16833494967908563
2026/07/24 21:15:00,0.16663945504694921
2026/07/24 21:20:00,0.16669414435345414
2026/07/24 21:25:00,0.16167170742941112
2026/07/24 21:30:00,0.16333080876330736
2026/07/24 21:35:00,0.15999842396097602
2026/07/24 21:40:00,0.18666666666666662
2026/07/24 21:45:00,0.16163561960747916
2026/07/24 21:50:00,0.191666897888225
2026/07/24 21:55:00,0.16166681025734947
2026/07/24 22:00:00,0.16502781511276512
2026/07/24 22:05:00,0.1616651775328697
2026/07/24 22:10:00,0.16832363213969348
2026/07/24 22:15:00,0.15999850417697276
2026/07/24 22:20:00,0.16999512832846161
2026/07/24 22:25:00,0.16166619911869173
2026/07/24 22:30:00,0.16666054340453212
2026/07/24 22:35:00,0.24155851155851155
2026/07/24 22:40:00,0.16667402236862125
2026/07/24 22:45:00,0.1783645673352941
2026/07/24 22:50:00,0.19000006123987398
2026/07/24 22:55:00,0.15830228841728058
2026/07/24 23:00:00,0.17667283651557072
2026/07/24 23:05:00,0.16003568151180164
2026/07/24 23:10:00,0.16329610033153688
2026/07/24 23:15:00,0.18503169836503167
2026/07/24 23:20:00,0.16331947235411373
2026/07/24 23:25:00,0.15999667656971295
2026/07/24 23:30:00,0.17166182251614925
2026/07/24 23:35:00,0.15830336810998338
2026/07/24 23:40:00,0.16999834284839827
2026/07/24 23:45:00,0.16003506412457166
2026/07/24 23:50:00,0.16663173604227977
2026/07/24 23:55:00,0.1650351251071504
2026/07/25 00:00:00,0.17833346000012662
2026/07/25 00:05:00,0.1849895741159146
2026/07/25 00:10:00,0.16667004335309998
2026/07/25 00:15:00,0.16169674229042813
2026/07/25 00:20:00,0.18501174167840828
2026/07/25 00:25:00,0.16329677945976054
2026/07/25 00:30:00,0.16669953951324437
2026/07/25 00:35:00,0.16496501948138037
2026/07/25 00:40:00,0.1667000124059559
2026/07/25 00:45:00,0.15999999999999998
2026/07/25 00:50:00,0.173339192221109
2026/07/25 00:55:00,0.15999898058290557
2026/07/25 01:00:00,0.16499499075454455
2026/07/25 01:05:00,0.16496679111608414
2026/07/25 01:10:00,0.18337326094732997
2026/07/25 01:15:00,0.1683384973036758
2026/07/25 01:20:00,0.16499839940649166
2026/07/25 01:25:00,0.15833339773827054
2026/07/25 01:30:00,0.17166509286505455
2026/07/25 01:35:00,0.16163283999232242
2026/07/25 01:40:00,0.16836889615494258
2026/07/25 01:45:00,0.1666379072027866
2026/07/25 01:50:00,0.16666893829274945
2026/07/25 01:55:00,0.16336171171345196
2026/07/25 02:00:00,0.16832327806593753
2026/07/25 02:05:00,0.1616367244325299
2026/07/25 02:10:00,0.1733751153716212
2026/07/25 02:15:00,0.1649945383189206
2026/07/25 02:20:00,0.16832737428371164
2026/07/25 02:25:00,0.1649745993152418
2026/07/25 02:30:00,0.1650056796473786
2026/07/25 02:35:00,0.16167126719586106
2026/07/25 02:40:00,0.17000512398476714
2026/07/25 02:45:00,0.16336192796589818
2026/07/25 02:50:00,0.17496503614936926
2026/07/25 02:55:00,0.18168631558959425
2026/07/25 03:00:00,0.17332816482527197
2026/07/25 03:05:00,0.19163972090548187
2026/07/25 03:10:00,0.16832659036687406
2026/07/25 03:15:00,0.16663899111814037
2026/07/25 03:20:00,0.17003623968473125
2026/07/25 03:25:00,0.15999505041917733
2026/07/25 03:30:00,0.16666845961001972
2026/07/25 03:35:00,0.18333170951730307
2026/07/25 03:40:00,0.16332679332679328
2026/07/25 03:45:00,0.1649678382533313
2026/07/25 03:50:00,0.16503907521770123
2026/07/25 03:55:00,0.16164009664009657
2026/07/25 04:00:00,0.17004005455835774
2026/07/25 04:05:00,0.16166839833506497
2026/07/25 04:10:00,0.16496337992782095
2026/07/25 04:15:00,0.16503176169842831
2026/07/25 04:20:00,0.18495945387938734
2026/07/25 04:25:00,0.1633650683857732
2026/07/25 04:30:00,0.16832722567026914
2026/07/25 04:35:00,0.16496279326827262
2026/07/25 04:40:00,0.16836720230626132
2026/07/25 04:45:00,0.16330003442797072
2026/07/25 04:50:00,0.16666960662176633
2026/07/25 04:55:00,0.1633706567649303
2026/07/25 05:00:00,0.16662565889756495
2026/07/25 05:05:00,0.16500295850792052
2026/07/25 05:10:00,0.16500222734486816
2026/07/25 05:15:00,0.1650295568706816
2026/07/25 05:20:00,0.16663042624197738
2026/07/25 05:25:00,0.16003395230487244
2026/07/25 05:30:00,0.16662817983136008
2026/07/25 05:35:00,0.16336741123089663
2026/07/25 05:40:00,0.16499506832840163
2026/07/25 05:45:00,0.18164056633917655
2026/07/25 05:50:00,0.16834146332458105
2026/07/25 05:55:00,0.16003710506300015
2026/07/25 06:00:00,0.16663228442750747
2026/07/25 06:05:00,0.16003284610698496
2026/07/25 06:10:00,0.16662430532125977
2026/07/25 06:15:00,0.17999135647114567
2026/07/25 06:20:00,0.17004324630195905
2026/07/25 06:25:00,0.1649927633537136
2026/07/25 06:30:00,0.17162732997106273
2026/07/25 06:35:00,0.2649976945004623
2026/07/25 06:40:00,0.16837241067974262
2026/07/25 06:45:00,0.16000182709309219
2026/07/25 06:50:00,0.16499839499839494
2026/07/25 06:55:00,0.16166334338125218
2026/07/25 07:00:00,0.16665785608389494
2026/07/25 07:05:00,0.1616328734363631
2026/07/25 07:10:00,0.16833628243579965
2026/07/25 07:15:00,0.17831785444637321
2026/07/25 07:20:00,0.17003952778762849
2026/07/25 07:25:00,0.16332901263736962
2026/07/25 07:30:00,0.16162845468141218
2026/07/25 07:35:00,0.16499889248713398
2026/07/25 07:40:00,0.16333331440954552
2026/07/25 07:45:00,0.16166787162003135
2026/07/25 07:50:00,0.16836904864537838
2026/07/25 07:55:00,0.15999839833173163
2026/07/25 08:00:00,0.16999496075166973
2026/07/25 08:05:00,0.16163288110396773
2026/07/25 08:10:00,0.1633707134536923
2026/07/25 08:15:00,0.16499318477346572
2026/07/25 08:20:00,0.16330117053271662
2026/07/25 08:25:00,0.16166556557555903
2026/07/25 08:30:00,0.16501157512319384
2026/07/25 08:35:00,0.15999938891574053
2026/07/25 08:40:00,0.16670292511274284
2026/07/25 08:45:00,0.1616601556227077
2026/07/25 08:50:00,0.166636734489707
2026/07/25 08:55:00,0.18170349461194418
2026/07/25 09:00:00,0.1849984016650683
2026/07/25 09:05:00,0.16496174335751235
2026/07/25 09:10:00,0.1683342044042356
2026/07/25 09:15:00,0.16333401893706984
2026/07/25 09:20:00,0.17000462964514534
2026/07/25 09:25:00,0.1633678134071874
2026/07/25 09:30:00,0.16833001334842024
2026/07/25 09:35:00,0.16830238224461072
2026/07/25 09:40:00,0.16503965208493218
2026/07/25 09:45:00,0.1683334745936645
2026/07/25 09:50:00,0.16499487873952096
2026/07/25 09:55:00,0.16500004348465294
2026/07/25 10:00:00,0.1750000411486823
2026/07/25 10:05:00,0.16333170721832874
2026/07/25 10:10:00,0.1666666222417333
2026/07/25 10:15:00,0.16662667125780745
2026/07/25 10:20:00,0.18338511718048972
2026/07/25 10:25:00,0.16496510789671412
2026/07/25 10:30:00,0.1666782515814166
2026/07/25 10:35:00,0.1616672876935863
2026/07/25 10:40:00,0.16833284556318912
2026/07/25 10:45:00,0.16000006440493722
2026/07/25 10:50:00,0.16500003770238242
2026/07/25 10:55:00,0.16333388891574088
2026/07/25 11:00:00,0.1666983783498884
2026/07/25 11:05:00,0.16166511938216332
2026/07/25 11:10:00,0.1666227178721666
2026/07/25 11:15:00,0.16666716669444454
2026/07/25 11:20:00,0.16833220653479403
2026/07/25 11:25:00,0.1583678778153441
2026/07/25 11:30:00,0.16833519970754834
2026/07/25 11:35:00,0.17995260374175143
2026/07/25 11:40:00,0.1617024614415532
2026/07/25 11:45:00,0.16497008654165515
2026/07/25 11:50:00,0.23330750612027523
2026/07/25 11:55:00,0.17666841211657477
2026/07/25 12:00:00,0.16665651717853458
2026/07/25 12:05:00,0.15999674203181766
2026/07/25 12:10:00,0.168333398795438
2026/07/25 12:15:00,0.16330462938653495
2026/07/25 12:20:00,0.16666714882695205
2026/07/25 12:25:00,0.1600300711036275
2026/07/25 12:30:00,0.16496113282140049
2026/07/25 12:35:00,0.1800491888976014
2026/07/25 12:40:00,0.16496102302679705
2026/07/25 12:45:00,0.1616989216712733
2026/07/25 12:50:00,0.17165979590402125
2026/07/25 12:55:00,0.42835915830308186
2026/07/25 13:00:00,0.17662131261547542
2026/07/25 13:05:00,0.16503512936446008
2026/07/25 13:10:00,0.16666728954129156
2026/07/25 13:15:00,0.1716361716533327
2026/07/25 13:20:00,0.16337010110830727
2026/07/25 13:25:00,0.16000357540751708
2026/07/25 13:30:00,0.17166849720513278
2026/07/25 13:35:00,0.16330187409708927
2026/07/25 13:40:00,0.16666320797506579
2026/07/25 13:45:00,0.16336676444152337
2026/07/25 13:50:00,0.1633244951275964
2026/07/25 13:55:00,0.18500598731597556
2026/07/25 14:00:00,0.1666289112186395
2026/07/25 14:05:00,0.16333393002738616
2026/07/25 14:10:00,0.16834067901878502
2026/07/25 14:15:00,0.16500290225357384
2026/07/25 14:20:00,0.1666988383393289
2026/07/25 14:25:00,0.1649966800150869
2026/07/25 14:30:00,0.16499335580794317
2026/07/25 14:35:00,0.17661521634187974
2026/07/25 14:40:00,0.17337994476643298
2026/07/25 14:45:00,0.1616299598878018
2026/07/25 14:50:00,0.1683346405842168
2026/07/25 14:55:00,0.16003584421509545
2026/07/25 15:00:00,0.16496040201746998
2026/07/25 15:05:00,0.1667006543936197
2026/07/25 15:10:00,0.16496461504589216
2026/07/25 15:15:00,0.16503167086813936
2026/07/25 15:20:00,0.16666666666666666
2026/07/25 15:25:00,0.15833345440519186
2026/07/25 15:30:00,0.16996445280631356
2026/07/25 15:35:00,0.15836898504605115
2026/07/25 15:40:00,0.16500006333339662
2026/07/25 15:45:00,0.16499999999999995
2026/07/25 15:50:00,0.18332007665340996
2026/07/25 15:55:00,0.15996291315477598
2026/07/25 16:00:00,0.16669565063305908
2026/07/25 16:05:00,0.15996673877850132
2026/07/25 16:10:00,0.16667016218658132
2026/07/25 16:15:00,0.18334527778066012
2026/07/25 16:20:00,0.16666676224204113
2026/07/25 16:25:00,0.1599695986028383
2026/07/25 16:30:00,0.16337074128757348
2026/07/25 16:35:00,0.1633350949643208
2026/07/25 16:40:00,0.16663672543008104
2026/07/25 16:45:00,0.1600300455466001
2026/07/25 16:50:00,0.166665130460503
2026/07/25 16:55:00,0.16333001229125282
2026/07/25 17:00:00,0.16332322680373146
2026/07/25 17:05:00,0.1633333333333333
2026/07/25 17:10:00,0.16333006434825698
2026/07/25 17:15:00,0.1616650404976688
2026/07/25 17:20:00,0.1682978709044343
2026/07/25 17:25:00,0.16003167168006946
2026/07/25 17:30:00,0.1666707599207002
2026/07/25 17:35:00,0.17996439726835056
2026/07/25 17:40:00,0.1666987838585871
2026/07/25 17:45:00,0.16333530181716469
2026/07/25 17:50:00,0.1649949186262125
2026/07/25 17:55:00,0.15999843607199243
2026/07/25 18:00:00,0.1716306183164235
2026/07/25 18:05:00,0.15833392876687966
2026/07/25 18:10:00,0.1683349560953393
2026/07/25 18:15:00,0.16333281763572013
2026/07/25 18:20:00,0.2583282383853732
2026/07/25 18:25:00,0.17503792808123947
2026/07/25 18:30:00,0.16496102410161084
2026/07/25 18:35:00,0.16003398992884046
2026/07/25 18:40:00,0.16833167718519537
2026/07/25 18:45:00,0.15999659325443516
2026/07/25 18:50:00,0.16832821427568187
2026/07/25 18:55:00,0.16166334668175358
2026/07/25 19:00:00,0.1666599612347358
2026/07/25 19:05:00,0.15996621315582055
2026/07/25 19:10:00,0.16670567855097124
2026/07/25 19:15:00,0.15999836929322184
2026/07/25 19:20:00,0.16996960332969274
2026/07/25 19:25:00,0.17838089496953058
2026/07/25 19:30:00,0.16499491862621246
2026/07/25 19:35:00,0.16329834598467746
2026/07/25 19:40:00,0.16499603658205314
2026/07/25 19:45:00,0.1616673277512836
2026/07/25 19:50:00,0.16671182595083078
2026/07/25 19:55:00,0.1550017883543543
2026/07/25 20:00:00,0.1749519207299435
2026/07/25 20:05:00,0.1600096316576395
2026/07/25 20:10:00,0.1667002688842965
2026/07/25 20:15:00,0.16496614552982242
2026/07/25 20:20:00,0.16834421903981328
2026/07/25 20:25:00,0.16169501496957023
2026/07/25 20:30:00,0.17165998145502265
2026/07/25 20:35:00,0.15663670659089948
2026/07/25 20:40:00,0.17170168501975458
2026/07/25 20:45:00,0.1616650649983983
2026/07/25 20:50:00,0.16830179387707275
2026/07/25 20:55:00,0.18336500499581018
2026/07/25 21:00:00,0.1783028643101735
2026/07/25 21:05:00,0.16833665226422212
2026/07/25 21:10:00,0.17004077351529207
2026/07/25 21:15:00,0.16166855147938292
2026/07/25 21:20:00,0.16329603789576758
2026/07/25 21:25:00,0.15837029772065941
2026/07/25 21:30:00,0.166670787698941
2026/07/25 21:35:00,0.1616351005425102
2026/07/25 21:40:00,0.16337170503837167
2026/07/25 21:45:00,0.15999843607199243
2026/07/25 21:50:00,0.16999160293696666
2026/07/25 21:55:00,0.15830123820489278
2026/07/25 22:00:00,0.17000691904511453
2026/07/25 22:05:00,0.16170585504935225
2026/07/25 22:10:00,0.16499180389921358
2026/07/25 22:15:00,0.1833333333333333
2026/07/25 22:20:00,0.16500006546210466
2026/07/25 22:25:00,0.15663459710546948
2026/07/25 22:30:00,0.17167188191590738
2026/07/25 22:35:00,0.15670071752315826
2026/07/25 22:40:00,0.16496620754655317
2026/07/25 22:45:00,0.1600322272087733
2026/07/25 22:50:00,0.18332504156594717
2026/07/25 22:55:00,0.15165825587613083
2026/07/25 23:00:00,0.16500172500172497
2026/07/25 23:05:00,0.158333398795438
2026/07/25 23:10:00,0.17167187620856791
2026/07/25 23:15:00,0.16167180829655148
2026/07/25 23:20:00,0.1666610563934971
2026/07/25 23:25:00,0.1633006362934743
2026/07/25 23:30:00,0.16670362605030814
2026/07/25 23:35:00,0.15999846175003046
2026/07/25 23:40:00,0.1699967156266397
2026/07/25 23:45:00,0.15996788052896876
2026/07/25 23:50:00,0.24659233153798113
2026/07/25 23:55:00,0.1766533866740915
2026/07/26 00:00:00,0.17505094708321497
2026/07/26 00:05:00,0.18498012772035077
2026/07/26 00:10:00,0.18163281219648905
2026/07/26 00:15:00,0.16336393328070248
2026/07/26 00:20:00,0.16666849375975884
2026/07/26 00:25:00,0.1616667321287713
2026/07/26 00:30:00,0.16833333333333328
2026/07/26 00:35:00,0.1616335159156264
2026/07/26 00:40:00,0.16499920271266985
2026/07/26 00:45:00,0.18333828253150175
2026/07/26 00:50:00,0.16669776635913341
2026/07/26 00:55:00,0.15833512038866807
2026/07/26 01:00:00,0.1683030493466648
2026/07/26 01:05:00,0.16003381166090327
2026/07/26 01:10:00,0.16662706871932093
2026/07/26 01:15:00,0.16666329340380545
2026/07/26 01:20:00,0.16334086357667416
2026/07/26 01:25:00,0.1667006612701804
2026/07/26 01:30:00,0.1666318716254905
2026/07/26 01:35:00,0.16000243531089905
2026/07/26 01:40:00,0.1950614554656433
2026/07/26 01:45:00,0.15996738362928004
2026/07/26 01:50:00,0.16669916268111792
2026/07/26 01:55:00,0.16329849324485848
2026/07/26 02:00:00,0.1817105024427111
2026/07/26 02:05:00,0.17333337676165003
2026/07/26 02:10:00,0.1682836005912582
2026/07/26 02:15:00,0.16333392765682603
2026/07/26 02:20:00,0.1733400189115293
2026/07/26 02:25:00,0.16003010873185103
2026/07/26 02:30:00,0.16663295110435947
2026/07/26 02:35:00,0.16500802791732264
2026/07/26 02:40:00,0.16667127714152616
2026/07/26 02:45:00,0.16669886719053156
2026/07/26 02:50:00,0.16999498103723343
2026/07/26 02:55:00,0.161663401123567
2026/07/26 03:00:00,0.17666882985624255
2026/07/26 03:05:00,0.16166504631610168
2026/07/26 03:10:00,0.1966387567148851
2026/07/26 03:15:00,0.16996772610864253
2026/07/26 03:20:00,0.1666752784352901
2026/07/26 03:25:00,0.16166796491601715
2026/07/26 03:30:00,0.16999887389332885
2026/07/26 03:35:00,0.15836550609655006
2026/07/26 03:40:00,0.17163053733364406
2026/07/26 03:45:00,0.16166723541197778
2026/07/26 03:50:00,0.18170574837604822
2026/07/26 03:55:00,0.1699678382533313
2026/07/26 04:00:00,0.16499607293615998
2026/07/26 04:05:00,0.1583338971631336
2026/07/26 04:10:00,0.17170212200583573
2026/07/26 04:15:00,0.16163232432925803
2026/07/26 04:20:00,0.1683338333601853
2026/07/26 04:25:00,0.158365627093291
2026/07/26 04:30:00,0.16832652274087595
2026/07/26 04:35:00,0.16499665344056574
2026/07/26 04:40:00,0.16499318479105832
2026/07/26 04:45:00,0.16333333333333327
2026/07/26 04:50:00,0.18497636837877068
2026/07/26 04:55:00,0.16000977434926378
2026/07/26 05:00:00,0.1717080815324878
2026/07/26 05:05:00,0.179953684258098
2026/07/26 05:10:00,0.1633638088547053
2026/07/26 05:15:00,0.1699644817882739
2026/07/26 05:20:00,0.1633664795055635
2026/07/26 05:25:00,0.18166666666666664
2026/07/26 05:30:00,0.16996102766087393
2026/07/26 05:35:00,0.15836054094293683
2026/07/26 05:40:00,0.16665928259864432
2026/07/26 05:45:00,0.16497140373838323
2026/07/26 05:50:00,0.16670641549388737
2026/07/26 05:55:00,0.16497129605320163
2026/07/26 06:00:00,0.16336379198366577
2026/07/26 06:05:00,0.16333344214588927
2026/07/26 06:10:00,0.1783283240702853
2026/07/26 06:15:00,0.169994573134375
2026/07/26 06:20:00,0.16829390192271076
2026/07/26 06:25:00,0.16503919084954227
2026/07/26 06:30:00,0.16332904380097849
2026/07/26 06:35:00,0.16496796719433077
2026/07/26 06:40:00,0.1650051539687531
2026/07/26 06:45:00,0.16336729552522186
2026/07/26 06:50:00,0.27821453165235444
2026/07/26 06:55:00,0.15662947391925802
2026/07/26 07:00:00,0.1700320883397918
2026/07/26 07:05:00,0.163324941771245
2026/07/26 07:10:00,0.16663450491999798
2026/07/26 07:15:00,0.16836383141553707
2026/07/26 07:20:00,0.1632989136118123
2026/07/26 07:25:00,0.18336778714977245
2026/07/26 07:30:00,0.17163006395260866
2026/07/26 07:35:00,0.1616982542979503
2026/07/26 07:40:00,0.16499497175481387
2026/07/26 07:45:00,0.16499999999999998
2026/07/26 07:50:00,0.16499658954703875
2026/07/26 07:55:00,0.16663396844435327
2026/07/26 08:00:00,0.1650074914273431
2026/07/26 08:05:00,0.15833339774148997
2026/07/26 08:10:00,0.16667133621356262
2026/07/26 08:15:00,0.16499951503888904
2026/07/26 08:20:00,0.17170510503843833
2026/07/26 08:25:00,0.1600017272955397
2026/07/26 08:30:00,0.16663176163176158
2026/07/26 08:35:00,0.1616984316984317
2026/07/26 08:40:00,0.16498927590745763
2026/07/26 08:45:00,0.1832868822688883
2026/07/26 08:50:00,0.16833855402908274
2026/07/26 08:55:00,0.15836556054210665
2026/07/26 09:00:00,0.16999999999999996
2026/07/26 09:05:00,0.1633299867738991
2026/07/26 09:10:00,0.16666172181177533
2026/07/26 09:15:00,0.1699967366634033
2026/07/26 09:20:00,0.17830003330003324
2026/07/26 09:25:00,0.1683332866322307
2026/07/26 09:30:00,0.16833771637162465
2026/07/26 09:35:00,0.16167062797500473
2026/07/26 09:40:00,0.16333682764861934
2026/07/26 09:45:00,0.16166098491166983
2026/07/26 09:50:00,0.16503367237735073
2026/07/26 09:55:00,0.1666346027159013
2026/07/26 10:00:00,0.16837243638491567
2026/07/26 10:05:00,0.1616649695291166
2026/07/26 10:10:00,0.168326722402017
2026/07/26 10:15:00,0.164962678009122
2026/07/26 10:20:00,0.16670387556429428
2026/07/26 10:25:00,0.25168516439772326
2026/07/26 10:30:00,0.17999904286174767
2026/07/26 10:35:00,0.16496669996669994
2026/07/26 10:40:00,0.16499942658386374
2026/07/26 10:45:00,0.16166842829765413
2026/07/26 10:50:00,0.16836386339114123
2026/07/26 10:55:00,0.15829421457737813
2026/07/26 11:00:00,0.1699998333888897
2026/07/26 11:05:00,0.16333295544933232
2026/07/26 11:10:00,0.18333481728712603
2026/07/26 11:15:00,0.17003121673725738
2026/07/26 11:20:00,0.16496079225150534
2026/07/26 11:25:00,0.16169889387543998
2026/07/26 11:30:00,0.170003523261975
2026/07/26 11:35:00,0.158333398795438
2026/07/26 11:40:00,0.171624277600339
2026/07/26 11:45:00,0.16667527843529006
2026/07/26 11:50:00,0.1700441047232507
2026/07/26 11:55:00,0.16663343554084525
2026/07/26 12:00:00,0.16499991668657402
2026/07/26 12:05:00,0.16333612330642183
2026/07/26 12:10:00,0.1700034612452442
2026/07/26 12:15:00,0.16670232504789695
2026/07/26 12:20:00,0.18333509496432082
2026/07/26 12:25:00,0.16329561449762953
2026/07/26 12:30:00,0.16503451770114888
2026/07/26 12:35:00,0.16500124819085557
2026/07/26 12:40:00,0.16496166168278853
2026/07/26 12:45:00,0.16503901621660227
2026/07/26 12:50:00,0.16999000130422942
2026/07/26 12:55:00,0.1616616327335094
2026/07/26 13:00:00,0.18830144227790688
2026/07/26 13:05:00,0.16333574401385004
2026/07/26 13:10:00,0.16503164178939855
2026/07/26 13:15:00,0.17333832169071978
2026/07/26 13:20:00,0.1699617722285139
2026/07/26 13:25:00,0.16333615176671504
2026/07/26 13:30:00,0.17003682798668884
2026/07/26 13:35:00,0.16332896600499217
2026/07/26 13:40:00,0.16833333333333328
2026/07/26 13:45:00,0.16833001334842024
2026/07/26 13:50:00,0.16499118871487015
2026/07/26 13:55:00,0.16662946665454867
2026/07/26 14:00:00,0.16670743930714838
2026/07/26 14:05:00,0.16496107846863856
2026/07/26 14:10:00,0.16999992879868214
2026/07/26 14:15:00,0.16165928870195864
2026/07/26 14:20:00,0.16500579413040414
2026/07/26 14:25:00,0.16503206393337563
2026/07/26 14:30:00,0.4417443286958888
2026/07/26 14:35:00,0.16667019570379543
2026/07/26 14:40:00,0.1666665555925925
2026/07/26 14:45:00,0.15996737701794142
2026/07/26 14:50:00,0.1899946017134982
2026/07/26 14:55:00,0.16003343432603148
2026/07/26 15:00:00,0.16996621099192713
2026/07/26 15:05:00,0.16336872472183514
2026/07/26 15:10:00,0.16499506940316164
2026/07/26 15:15:00,0.1682961588782427
2026/07/26 15:20:00,0.16500337907544008
2026/07/26 15:25:00,0.16000006546210466
2026/07/26 15:30:00,0.17003892856995267
2026/07/26 15:35:00,0.1600017616309875
2026/07/26 15:40:00,0.1699678671576896
2026/07/26 15:45:00,0.1783148408535711
2026/07/26 15:50:00,0.16833154050044657
2026/07/26 15:55:00,0.16836566182217552
2026/07/26 16:00:00,0.16663287765859378
2026/07/26 16:05:00,0.16499617896717858
2026/07/26 16:10:00,0.2350085687712308
2026/07/26 16:15:00,0.18333021084058324
2026/07/26 16:20:00,0.16833461381635634
2026/07/26 16:25:00,0.1800051975469826
2026/07/26 16:30:00,0.168337349113798
2026/07/26 16:35:00,0.16334097383356577
2026/07/26 16:40:00,0.1683361528919593
2026/07/26 16:45:00,0.16333509506027427
2026/07/26 16:50:00,0.16666502268532415
2026/07/26 16:55:00,0.16169889496784637
2026/07/26 17:00:00,0.1700000676259981
2026/07/26 17:05:00,0.15996564442873668
2026/07/26 17:10:00,0.16670459474790614
2026/07/26 17:15:00,0.16666676563194413
2026/07/26 17:20:00,0.16832497286418854
2026/07/26 17:25:00,0.16496346059858039
2026/07/26 17:30:00,0.1883665338821985
2026/07/26 17:35:00,0.16163508720910566
2026/07/26 17:40:00,0.16669836610645838
2026/07/26 17:45:00,0.1616325168406364
2026/07/26 17:50:00,0.16670405128956706
2026/07/26 17:55:00,0.16163504381826507
2026/07/26 18:00:00,0.17003151846639208
2026/07/26 18:05:00,0.16667173500506832
2026/07/26 18:10:00,0.16496731048434965
2026/07/26 18:15:00,0.16502415978587476
2026/07/26 18:20:00,0.18996333189536302
2026/07/26 18:25:00,0.1616995390074288
2026/07/26 18:30:00,0.16666295501382944
2026/07/26 18:35:00,0.1650058471991096
2026/07/26 18:40:00,0.16333684540745377
2026/07/26 18:45:00,0.16663130171473123
2026/07/26 18:50:00,0.16836567169118077
2026/07/26 18:55:00,0.1616634366798267
2026/07/26 19:00:00,0.1716582966431659
2026/07/26 19:05:00,0.16167023649560236
2026/07/26 19:10:00,0.17000011126350106
2026/07/26 19:15:00,0.16329438048364847
2026/07/26 19:20:00,0.16667298903532093
2026/07/26 19:25:00,0.1833363222867604
2026/07/26 19:30:00,0.1650333928729034
2026/07/26 19:35:00,0.16000012335268932
2026/07/26 19:40:00,0.16663626310561153
2026/07/26 19:45:00,0.16166627326726832
2026/07/26 19:50:00,0.1700053108223374
2026/07/26 19:55:00,0.16003458318079258
2026/07/26 20:00:00,0.17166109100770216
2026/07/26 20:05:00,0.16329957206464338
2026/07/26 20:10:00,0.16333740203823702
2026/07/26 20:15:00,0.1650000700538782
2026/07/26 20:20:00,0.1899973764109951
2026/07/26 20:25:00,0.15836615166207754
2026/07/26 20:30:00,0.16997107618856638
2026/07/26 20:35:00,0.1599987773520317
2026/07/26 20:40:00,0.16670904716306054
2026/07/26 20:45:00,0.16333177497940776
2026/07/26 20:50:00,0.1649571461390194
2026/07/26 20:55:00,0.1633661583109733
2026/07/26 21:00:00,0.1866061519603446
2026/07/26 21:05:00,0.16332894447204965
2026/07/26 21:10:00,0.16999812226611719
2026/07/26 21:15:00,0.16170118436781553
2026/07/26 21:20:00,0.16662578072182216
2026/07/26 21:25:00,0.1617006401184345
2026/07/26 21:30:00,0.16666849375975884
2026/07/26 21:35:00,0.16166840511118694
2026/07/26 21:40:00,0.1666295680635142
2026/07/26 21:45:00,0.16166913655119064
2026/07/26 21:50:00,0.16837024393641542
2026/07/26 21:55:00,0.1599645148230443
2026/07/26 22:00:00,0.1683673221730942
2026/07/26 22:05:00,0.15999674547719162
2026/07/26 22:10:00,0.16499674892256555
2026/07/26 22:15:00,0.16499504930830877
2026/07/26 22:20:00,0.1883333333333333
2026/07/26 22:25:00,0.1599690731868242
2026/07/26 22:30:00,0.16833568294070253
2026/07/26 22:35:00,0.16003222720877333
2026/07/26 22:40:00,0.16830061604036817
2026/07/26 22:45:00,0.16170293723882861
2026/07/26 22:50:00,0.18828938453883326
2026/07/26 22:55:00,0.16499834729292112
2026/07/26 23:00:00,0.17002671467535016
2026/07/26 23:05:00,0.1633334045185945
2026/07/26 23:10:00,0.17166156940011273
2026/07/26 23:15:00,0.1649967233655382
2026/07/26 23:20:00,0.17166154760901522
2026/07/26 23:25:00,0.16166506375572184
2026/07/26 23:30:00,0.16833165499398292
2026/07/26 23:35:00,0.16166176928995518
2026/07/26 23:40:00,0.16666151873556012
2026/07/26 23:45:00,0.1666666666666666
2026/07/26 23:50:00,0.16833337429207024
2026/07/26 23:55:00,0.18167880587777674
2026/07/27 00:00:00,0.1982989510941741
2026/07/27 00:05:00,0.18333342875516473
2026/07/27 00:10:00,0.17003453564885407
2026/07/27 00:15:00,0.17333001334842024
2026/07/27 00:20:00,0.43668916622291826
2026/07/27 00:25:00,0.17494949395970694
2026/07/27 00:30:00,0.19005110182393153
2026/07/27 00:35:00,0.15999841480756655
2026/07/27 00:40:00,0.16498956158782993
2026/07/27 00:45:00,0.16166501384823512
2026/07/27 00:50:00,0.16996451826841824
2026/07/27 00:55:00,0.16170235383920376
2026/07/27 01:00:00,0.16999252050501829
2026/07/27 01:05:00,0.16830127407062814
2026/07/27 01:10:00,0.16833237276729968
2026/07/27 01:15:00,0.16503389448660757
2026/07/27 01:20:00,0.16999997224120367
2026/07/27 01:25:00,0.1816615476090152
2026/07/27 01:30:00,0.17166124218082093
2026/07/27 01:35:00,0.1633016428341056
2026/07/27 01:40:00,0.16837404138652073
2026/07/27 01:45:00,0.16500363047694175
2026/07/27 01:50:00,0.1683317071643355
2026/07/27 01:55:00,0.16330064488917004
2026/07/27 02:00:00,0.17333855353379884
2026/07/27 02:05:00,0.16169941060049806
2026/07/27 02:10:00,0.17166075077892665
2026/07/27 02:15:00,0.16496389849799506
2026/07/27 02:20:00,0.16669816218484623
2026/07/27 02:25:00,0.16499784611601376
2026/07/27 02:30:00,0.18499266054653318
2026/07/27 02:35:00,0.1633017549843509
2026/07/27 02:40:00,0.16833857652967263
2026/07/27 02:45:00,0.16003470552121937
2026/07/27 02:50:00,0.1716339782410219
2026/07/27 02:55:00,0.16000006762599808
2026/07/27 03:00:00,0.17004094728221925
2026/07/27 03:05:00,0.16830224322463566
2026/07/27 03:10:00,0.17000482186933702
2026/07/27 03:15:00,0.16666785130005274
2026/07/27 03:20:00,0.16669942273682803
2026/07/27 03:25:00,0.16000006873261588
2026/07/27 03:30:00,0.1700070457480763
2026/07/27 03:35:00,0.1716667364917436
2026/07/27 03:40:00,0.17333339879543802
2026/07/27 03:45:00,0.16662368849621362
2026/07/27 03:50:00,0.1633767230453706
2026/07/27 03:55:00,0.1599673126624545
2026/07/27 04:00:00,0.170041443714623
2026/07/27 04:05:00,0.1600000665511843
2026/07/27 04:10:00,0.1899828738594908
2026/07/27 04:15:00,0.18666634542877578
2026/07/27 04:20:00,0.16832847624252403
2026/07/27 04:25:00,0.166629147041006
2026/07/27 04:30:00,0.1633748066375505
2026/07/27 04:35:00,0.16166673429266473
2026/07/27 04:40:00,0.16832995645254947
2026/07/27 04:45:00,0.15999667656971295
2026/07/27 04:50:00,0.17166845716497453
2026/07/27 04:55:00,0.158331653881899
2026/07/27 05:00:00,0.1683250050029706
2026/07/27 05:05:00,0.16329954778909656
2026/07/27 05:10:00,0.16333053706841222
2026/07/27 05:15:00,0.166700080730742
2026/07/27 05:20:00,0.16499490521789537
2026/07/27 05:25:00,0.1583323422146798
2026/07/27 05:30:00,0.16995838267781754
2026/07/27 05:35:00,0.15836608940349467
2026/07/27 05:40:00,0.16666831613444683
2026/07/27 05:45:00,0.18162881688921445
2026/07/27 05:50:00,0.1667012578710763
2026/07/27 05:55:00,0.16332668991813323
2026/07/27 06:00:00,0.16829393838575218
2026/07/27 06:05:00,0.16003282153226603
2026/07/27 06:10:00,0.16999118704306332
2026/07/27 06:15:00,0.16167066406371183
2026/07/27 06:20:00,0.16829086330701445
2026/07/27 06:25:00,0.18337527761914046
2026/07/27 06:30:00,0.17167258062868743
2026/07/27 06:35:00,0.16333347114829058
2026/07/27 06:40:00,0.1666510425248393
2026/07/27 06:45:00,0.27174599083087336
2026/07/27 06:50:00,0.17000073558525658
2026/07/27 06:55:00,0.23499837273859575
2026/07/27 07:00:00,0.18334873666823587
2026/07/27 07:05:00,0.16336562600421137
2026/07/27 07:10:00,0.17166673905744143
2026/07/27 07:15:00,0.16663399738745488
2026/07/27 07:20:00,0.16500530408518893
2026/07/27 07:25:00,0.16166784366653758
2026/07/27 07:30:00,0.17004633097845315
2026/07/27 07:35:00,0.16166843051094504
2026/07/27 07:40:00,0.16999999999999998
2026/07/27 07:45:00,0.15833002633628604
2026/07/27 07:50:00,0.1883334151963837
2026/07/27 07:55:00,0.1633282795681514
2026/07/27 08:00:00,0.1699594400978916
2026/07/27 08:05:00,0.16666966667652094
2026/07/27 08:10:00,0.1683645744014531
2026/07/27 08:15:00,0.16666166495812615
2026/07/27 08:20:00,0.1682989244623329
2026/07/27 08:25:00,0.1766656809502892
2026/07/27 08:30:00,0.17333516671852006
2026/07/27 08:35:00,0.15833638310057682
2026/07/27 08:40:00,0.16837292993493214
2026/07/27 08:45:00,0.16329951876823312
2026/07/27 08:50:00,0.16503211719192043
2026/07/27 08:55:00,0.16166679759087604
2026/07/27 09:00:00,0.16829048747662972
2026/07/27 09:05:00,0.16170293837021155
2026/07/27 09:10:00,0.16999161284444173
2026/07/27 09:15:00,0.16166501384823512
2026/07/27 09:20:00,0.1700001512065414
2026/07/27 09:25:00,0.18162681533303035
2026/07/27 09:30:00,0.1650011666861114
2026/07/27 09:35:00,0.16332668991813323
2026/07/27 09:40:00,0.16499836929322184
2026/07/27 09:45:00,0.1616667321287713
2026/07/27 09:50:00,0.16832499374925042
2026/07/27 09:55:00,0.16000013092420937
2026/07/27 10:00:00,0.17004416240768375
2026/07/27 10:05:00,0.16329607682542582
2026/07/27 10:10:00,0.16837749574101707
2026/07/27 10:15:00,0.1850051828360735
2026/07/27 10:20:00,0.16665996123473584
2026/07/27 10:25:00,0.16167190295628822
2026/07/27 10:30:00,0.1666684248522802
2026/07/27 10:35:00,0.16000355326067833
2026/07/27 10:40:00,0.1700018305384661
2026/07/27 10:45:00,0.1616328121964891
2026/07/27 10:50:00,0.16667521297318538
2026/07/27 10:55:00,0.16003401527920108
2026/07/27 11:00:00,0.16665826851122695
2026/07/27 11:05:00,0.16329785160175156
2026/07/27 11:10:00,0.17001031010139964
2026/07/27 11:15:00,0.1617023516929029
2026/07/27 11:20:00,0.16666839709255798
2026/07/27 11:25:00,0.18000017659266024
2026/07/27 11:30:00,0.16999155858687534
2026/07/27 11:35:00,0.16496113182229544
2026/07/27 11:40:00,0.1650390784354889
2026/07/27 11:45:00,0.16500006546210466
2026/07/27 11:50:00,0.1666581552712496
2026/07/27 11:55:00,0.16166509390457653
2026/07/27 12:00:00,0.19162570935591078
2026/07/27 12:05:00,0.16003451770114885
2026/07/27 12:10:00,0.17000184720376488
2026/07/27 12:15:00,0.16500003986720177
2026/07/27 12:20:00,0.1633266279014025
2026/07/27 12:25:00,0.16166676679772013
2026/07/27 12:30:00,0.1683317060719291
2026/07/27 12:35:00,0.16166848833117503
2026/07/27 12:40:00,0.1699983727385958
2026/07/27 12:45:00,0.1600000676259981
2026/07/27 12:50:00,0.17499315210183428
2026/07/27 12:55:00,0.15996688029771172
2026/07/27 13:00:00,0.16834157906806618
2026/07/27 13:05:00,0.16170053280923766
2026/07/27 13:10:00,0.1666327154889809
2026/07/27 13:15:00,0.16833506831404949
2026/07/27 13:20:00,0.18835653864879293
2026/07/27 13:25:00,0.1616650672010958
2026/07/27 13:30:00,0.17333971365049097
2026/07/27 13:35:00,0.1616994959655756
2026/07/27 13:40:00,0.1699920403631998
2026/07/27 13:45:00,0.16496386092307455
2026/07/27 13:50:00,0.1650003889166667
2026/07/27 13:55:00,0.16502710566667264
2026/07/27 14:00:00,0.22991373872704535
2026/07/27 14:05:00,0.17503230546074125
2026/07/27 14:10:00,0.18831620007429803
2026/07/27 14:15:00,0.1633350717778536
2026/07/27 14:20:00,0.16999999999999996
2026/07/27 14:25:00,0.1599983183285139
2026/07/27 14:30:00,0.16500351563338347
2026/07/27 14:35:00,0.16496904433802234
2026/07/27 14:40:00,0.1633334444638889
2026/07/27 14:45:00,0.16670632854408374
2026/07/27 14:50:00,0.16499723875943112
2026/07/27 14:55:00,0.1616667321287713
2026/07/27 15:00:00,0.1699966267371388
2026/07/27 15:05:00,0.17833690316226902
2026/07/27 15:10:00,0.1666287264239354
2026/07/27 15:15:00,0.168333927656826
2026/07/27 15:20:00,0.1700013096602323
2026/07/27 15:25:00,0.16500179055820374
2026/07/27 15:30:00,0.1633713923387822
2026/07/27 15:35:00,0.1599983461243472
2026/07/27 15:40:00,0.168297324904257
2026/07/27 15:45:00,0.1616994216620142
2026/07/27 15:50:00,0.16996614552982242
2026/07/27 15:55:00,0.16336215596118614
2026/07/27 16:00:00,0.16833174942238038
2026/07/27 16:05:00,0.1633317060719291
2026/07/27 16:10:00,0.18328517076540196
2026/07/27 16:15:00,0.1650017916296908
2026/07/27 16:20:00,0.1683747094219582
2026/07/27 16:25:00,0.1616306049596422
2026/07/27 16:30:00,0.16999831827637252
2026/07/27 16:35:00,0.1616976987331353
2026/07/27 16:40:00,0.1649948253317949
2026/07/27 16:45:00,0.16166341430775172
2026/07/27 16:50:00,0.16166680418811258
2026/07/27 16:55:00,0.159966799373277
2026/07/27 17:00:00,0.18338556037876536
2026/07/27 17:05:00,0.1666581961372516
2026/07/27 17:10:00,0.16999568614776797
2026/07/27 17:15:00,0.1633318326606863
2026/07/27 17:20:00,0.1666667321287713
2026/07/27 17:25:00,0.164965159944256
2026/07/27 17:30:00,0.16669956515186984
2026/07/27 17:35:00,0.239966350294258
2026/07/27 17:40:00,0.1667066963727377
2026/07/27 17:45:00,0.16499555722290424
2026/07/27 17:50:00,0.1716667390195192
2026/07/27 17:55:00,0.16166664881349352
2026/07/27 18:00:00,0.17166506499839831
2026/07/27 18:05:00,0.16830471608736855
2026/07/27 18:10:00,0.1633337343627119
2026/07/27 18:15:00,0.17169949122809167
2026/07/27 18:20:00,0.16497196144874823
2026/07/27 18:25:00,0.16170006666420522
2026/07/27 18:30:00,0.18329276235719644
2026/07/27 18:35:00,0.16003800205434854
2026/07/27 18:40:00,0.16663405296702763
2026/07/27 18:45:00,0.16337129668890002
2026/07/27 18:50:00,0.16663184346993637
2026/07/27 18:55:00,0.1650349801182995
2026/07/27 19:00:00,0.16663450491999798
2026/07/27 19:05:00,0.16336725671098948
2026/07/27 19:10:00,0.16663182901137835
2026/07/27 19:15:00,0.18001711363780545
2026/07/27 19:20:00,0.16837586847961292
2026/07/27 19:25:00,0.15830130981322815
2026/07/27 19:30:00,0.16503922178165548
2026/07/27 19:35:00,0.1616338660584237
2026/07/27 19:40:00,0.16336608940349467
2026/07/27 19:45:00,0.16166666666666665
2026/07/27 19:50:00,0.1650000654621047
2026/07/27 19:55:00,0.15999672999672995
2026/07/27 20:00:00,0.17329947886315575
2026/07/27 20:05:00,0.15669895933754469
2026/07/27 20:10:00,0.16666673212877134
2026/07/27 20:15:00,0.16496404251181684
2026/07/27 20:20:00,0.1633706490487551
2026/07/27 20:25:00,0.16499613659655296
2026/07/27 20:30:00,0.16496964210739573
2026/07/27 20:35:00,0.16166667659173428
2026/07/27 20:40:00,0.1666684547370944
2026/07/27 20:45:00,0.16166551272868748
2026/07/27 20:50:00,0.16503214496923524
2026/07/27 20:55:00,0.1833147823016587
2026/07/27 21:00:00,0.16999611593666328
2026/07/27 21:05:00,0.16333223385850332
2026/07/27 21:10:00,0.1666598514401324
2026/07/27 21:15:00,0.1599949027334461
2026/07/27 21:20:00,0.1649949062927092
2026/07/27 21:25:00,0.16163004948487428
2026/07/27 21:30:00,0.1650334593569895
2026/07/27 21:35:00,0.179979253645495
2026/07/27 21:40:00,0.1650057663345708
2026/07/27 21:45:00,0.1633707145108598
2026/07/27 21:50:00,0.16330123704876934
2026/07/27 21:55:00,0.16169894950321784
2026/07/27 22:00:00,0.16829775243289502
2026/07/27 22:05:00,0.1583656260042114
2026/07/27 22:10:00,0.1699605009633793
2026/07/27 22:15:00,0.1600064946222503
2026/07/27 22:20:00,0.1867236276960045
2026/07/27 22:25:00,0.1616600509917726
2026/07/27 22:30:00,0.16330236643845683
2026/07/27 22:35:00,0.16337071336528877
2026/07/27 22:40:00,0.16833059778480827
2026/07/27 22:45:00,0.16163576985219422
2026/07/27 22:50:00,0.1899785635490865
2026/07/27 22:55:00,0.15670068088870032
2026/07/27 23:00:00,0.17666503940526243
2026/07/27 23:05:00,0.16166676317752332
2026/07/27 23:10:00,0.16333159695188154
2026/07/27 23:15:00,0.18335040739398045
2026/07/27 23:20:00,0.1649983703823015
2026/07/27 23:25:00,0.15833287218257983
2026/07/27 23:30:00,0.16999199428288517
2026/07/27 23:35:00,0.15663570657842976
2026/07/27 23:40:00,0.16503286610831056
2026/07/27 23:45:00,0.16499834497887356
2026/07/27 23:50:00,0.1633283050881472
2026/07/27 23:55:00,0.16163287765859377
2026/07/28 00:00:00,0.17836439612512056
2026/07/28 00:05:00,0.18995818192061154
2026/07/28 00:10:00,0.17000860295207984
2026/07/28 00:15:00,0.16166839709255795
2026/07/28 00:20:00,0.16503907734640927
2026/07/28 00:25:00,0.16166337555147478
2026/07/28 00:30:00,0.18496129092117392
2026/07/28 00:35:00,0.1650356884540176
2026/07/28 00:40:00,0.16329607787937384
2026/07/28 00:45:00,0.1617024673793798
2026/07/28 00:50:00,0.16833001334842024
2026/07/28 00:55:00,0.15996956975403645
2026/07/28 01:00:00,0.16667126966237833
2026/07/28 01:05:00,0.1649983436223054
2026/07/28 01:10:00,0.1683660328805353
2026/07/28 01:15:00,0.17000633808375146
2026/07/28 01:20:00,0.16330134919349196
2026/07/28 01:25:00,0.1616634105977063
2026/07/28 01:30:00,0.1700365910654599
2026/07/28 01:35:00,0.16166670329750849
2026/07/28 01:40:00,0.18831689365863974
2026/07/28 01:45:00,0.1650068533014854
2026/07/28 01:50:00,0.16667358226640724
2026/07/28 01:55:00,0.1666971613908637
2026/07/28 02:00:00,0.18833201034089528
2026/07/28 02:05:00,0.16666508286960285
2026/07/28 02:10:00,0.17165992725947044
2026/07/28 02:15:00,0.16329892444474042
2026/07/28 02:20:00,0.16670127476299307
2026/07/28 02:25:00,0.1633001182092136
2026/07/28 02:30:00,0.16504030680431897
2026/07/28 02:35:00,0.1683335011469939
2026/07/28 02:40:00,0.164967903715436
2026/07/28 02:45:00,0.16336725671098948
2026/07/28 02:50:00,0.17163422615030807
2026/07/28 02:55:00,0.16499899025795983
2026/07/28 03:00:00,0.47363150823132044
2026/07/28 03:05:00,0.16836848015811362
2026/07/28 03:10:00,0.16996738046331533
2026/07/28 03:15:00,0.17167068347672584
2026/07/28 03:20:00,0.26173401278734204
2026/07/28 03:25:00,0.16499945895110027
2026/07/28 03:30:00,0.16666744215624976
2026/07/28 03:35:00,0.16003461316195688
2026/07/28 03:40:00,0.16832824318530556
2026/07/28 03:45:00,0.165003605371035
2026/07/28 03:50:00,0.1649965871924125
2026/07/28 03:55:00,0.1649644964289873
2026/07/28 04:00:00,0.1650068547047443
2026/07/28 04:05:00,0.18335187592975136
2026/07/28 04:10:00,0.17336781076857893
2026/07/28 04:15:00,0.1666650138482351
2026/07/28 04:20:00,0.16662856493262
2026/07/28 04:25:00,0.1633415583645736
2026/07/28 04:30:00,0.16499884466560194
2026/07/28 04:35:00,0.1683695374108801
2026/07/28 04:40:00,0.16666328984454243
2026/07/28 04:45:00,0.163300717181049
2026/07/28 04:50:00,0.1700047106235733
2026/07/28 04:55:00,0.1550350730196244
2026/07/28 05:00:00,0.17332632359560204
2026/07/28 05:05:00,0.15829949324731427
2026/07/28 05:10:00,0.16666736627510986
2026/07/28 05:15:00,0.16503338404439805
2026/07/28 05:20:00,0.16333172261998105
2026/07/28 05:25:00,0.16167037028200432
2026/07/28 05:30:00,0.16830056269625163
2026/07/28 05:35:00,0.15999833618924184
2026/07/28 05:40:00,0.171701117830897
2026/07/28 05:45:00,0.16163507620691286
2026/07/28 05:50:00,0.16837337337337335
2026/07/28 05:55:00,0.1799627434712267
2026/07/28 06:00:00,0.17166604341905728
2026/07/28 06:05:00,0.16169889496784634
2026/07/28 06:10:00,0.1700001389273148
2026/07/28 06:15:00,0.18663331220482257
2026/07/28 06:20:00,0.190033062301267
2026/07/28 06:25:00,0.16330011608388567
2026/07/28 06:30:00,0.16834049836602172
2026/07/28 06:35:00,0.16503052355965814
2026/07/28 06:40:00,0.16832599033874335
2026/07/28 06:45:00,0.16667270565433986
2026/07/28 06:50:00,0.27332995651120906
2026/07/28 06:55:00,0.16663225777807372
2026/07/28 07:00:00,0.1716671111398149
2026/07/28 07:05:00,0.1600339874443912
2026/07/28 07:10:00,0.185
2026/07/28 07:15:00,0.16495705295599392
2026/07/28 07:20:00,0.1667012578710763
2026/07/28 07:25:00,0.16500108908656796
2026/07/28 07:30:00,0.1666308433266935
2026/07/28 07:35:00,0.16336950800858602
2026/07/28 07:40:00,0.16666143181009632
2026/07/28 07:45:00,0.1633316295091725
2026/07/28 07:50:00,0.16829447976944545
2026/07/28 07:55:00,0.161698963875325
2026/07/28 08:00:00,0.16662940024986278
2026/07/28 08:05:00,0.16333302198384997
2026/07/28 08:10:00,0.16837127239311123
2026/07/28 08:15:00,0.16499832183120783
2026/07/28 08:20:00,0.16999987236625339
2026/07/28 08:25:00,0.161633807482037
2026/07/28 08:30:00,0.1700471702330026
2026/07/28 08:35:00,0.1600023137504285
2026/07/28 08:40:00,0.1699983507408315
2026/07/28 08:45:00,0.16166331651249463
2026/07/28 08:50:00,0.1849916690002033
2026/07/28 08:55:00,0.16499668001508688
2026/07/28 09:00:00,0.16662427404107596
2026/07/28 09:05:00,0.16170235167531033
2026/07/28 09:10:00,0.16999663385566494
2026/07/28 09:15:00,0.1666684618556205
2026/07/28 09:20:00,0.1699660611060516
2026/07/28 09:25:00,0.16166586099031774
2026/07/28 09:30:00,0.1717051587525007
2026/07/28 09:35:00,0.1650018895183789
2026/07/28 09:40:00,0.16663285210156642
2026/07/28 09:45:00,0.17837750377816458
2026/07/28 09:50:00,0.17666673212877135
2026/07/28 09:55:00,0.1600000954712289
2026/07/28 10:00:00,0.19166165740361865
2026/07/28 10:05:00,0.15999999999999998
2026/07/28 10:10:00,0.16995612011297856
2026/07/28 10:15:00,0.16667653001573832
2026/07/28 10:20:00,0.17003282612754142
2026/07/28 10:25:00,0.16832577296198298
2026/07/28 10:30:00,0.1649995278254619
2026/07/28 10:35:00,0.16000111996371252
2026/07/28 10:40:00,0.16829553053975715
2026/07/28 10:45:00,0.16170117568631306
2026/07/28 10:50:00,0.16999296852533305
2026/07/28 10:55:00,0.16166666666666665
2026/07/28 11:00:00,0.1666666666842592
2026/07/28 11:05:00,0.16166515041122348
2026/07/28 11:10:00,0.16662372210710985
2026/07/28 11:15:00,0.1683289462285879
2026/07/28 11:20:00,0.17170059119422426
2026/07/28 11:25:00,0.17663264907162954
2026/07/28 11:30:00,0.1716953550410963
2026/07/28 11:35:00,0.1616317300442764
2026/07/28 11:40:00,0.17166915166173502
2026/07/28 11:45:00,0.1650340069318768
2026/07/28 11:50:00,0.1666566122474215
2026/07/28 11:55:00,0.16499166386129102
2026/07/28 12:00:00,0.17165913414251183
2026/07/28 12:05:00,0.18165883785753764
2026/07/28 12:10:00,0.16996033259584448
2026/07/28 12:15:00,0.16503573190023096
2026/07/28 12:20:00,0.17000346557754192
2026/07/28 12:25:00,0.15832835352535174
2026/07/28 12:30:00,0.16830117267574424
2026/07/28 12:35:00,0.16500176384427837
2026/07/28 12:40:00,0.16333442939691875
2026/07/28 12:45:00,0.1683677833847559
2026/07/28 12:50:00,0.16500006982507692
2026/07/28 12:55:00,0.16333336112916663
2026/07/28 13:00:00,0.17332659624095698
2026/07/28 13:05:00,0.16166675993892426
2026/07/28 13:10:00,0.1716311194729802
2026/07/28 13:15:00,0.16169708870235658
2026/07/28 13:20:00,0.1666328776585938
2026/07/28 13:25:00,0.1633294578021238
2026/07/28 13:30:00,0.18338837060915095
2026/07/28 13:35:00,0.16333501164904302
2026/07/28 13:40:00,0.16663115937805756
2026/07/28 13:45:00,0.1600322649111558
2026/07/28 13:50:00,0.16999848049373742
2026/07/28 13:55:00,0.1599662530608979
2026/07/28 14:00:00,0.17000090400927476
2026/07/28 14:05:00,0.16666859621728955
2026/07/28 14:10:00,0.17000007118526111
2026/07/28 14:15:00,0.17003797024373865
2026/07/28 14:20:00,0.16995861373723334
2026/07/28 14:25:00,0.16503272831043908
2026/07/28 14:30:00,0.1882983966757587
2026/07/28 14:35:00,0.16333276495875204
2026/07/28 14:40:00,0.17500581950916458
2026/07/28 14:45:00,0.161698404240426
2026/07/28 14:50:00,0.17165899785638275
2026/07/28 14:55:00,0.1633322083199945
2026/07/28 15:00:00,0.17167004234198902
2026/07/28 15:05:00,0.1650001713901596
2026/07/28 15:10:00,0.16996872981421512
2026/07/28 15:15:00,0.16837017404952415
2026/07/28 15:20:00,0.17666304565888308
2026/07/28 15:25:00,0.1666313064703366
2026/07/28 15:30:00,0.17334139164725754
2026/07/28 15:35:00,0.1650351383403359
2026/07/28 15:40:00,0.17000112390264802
2026/07/28 15:45:00,0.1716363278298726
2026/07/28 15:50:00,0.16669720201317872
2026/07/28 15:55:00,0.18163453271583133
2026/07/28 16:00:00,0.17170688808103624
2026/07/28 16:05:00,0.16329732497916954
2026/07/28 16:10:00,0.173342854345622
2026/07/28 16:15:00,0.18166164186685446
2026/07/28 16:20:00,0.17167590987594325
2026/07/28 16:25:00,0.16336550505506958
2026/07/28 16:30:00,0.16830056157574408
2026/07/28 16:35:00,0.24499424813129034
2026/07/28 16:40:00,0.1783739286000329
2026/07/28 16:45:00,0.16166842938673373
2026/07/28 16:50:00,0.1716578593084977
2026/07/28 16:55:00,0.16163432519456322
2026/07/28 17:00:00,0.17337416968127967
2026/07/28 17:05:00,0.16166508167704124
2026/07/28 17:10:00,0.2448767187652952
2026/07/28 17:15:00,0.16670234178820564
2026/07/28 17:20:00,0.17999667656971294
2026/07/28 17:25:00,0.16666666668518518
2026/07/28 17:30:00,0.16999999999999998
2026/07/28 17:35:00,0.16163280003512787
2026/07/28 17:40:00,0.16836410694539547
2026/07/28 17:45:00,0.15996729821706135
2026/07/28 17:50:00,0.16667185432504292
2026/07/28 17:55:00,0.16336960503687822
2026/07/28 18:00:00,0.16996139651395276
2026/07/28 18:05:00,0.16503510803300325
2026/07/28 18:10:00,0.16500023188685792
2026/07/28 18:15:00,0.16496451826841826
2026/07/28 18:20:00,0.17003230300699984
2026/07/28 18:25:00,0.1600018292569856
2026/07/28 18:30:00,0.16999318584827955
2026/07/28 18:35:00,0.16163285210156644
2026/07/28 18:40:00,0.16334019096798166
2026/07/28 18:45:00,0.1633309313246018
2026/07/28 18:50:00,0.16669775327137215
2026/07/28 18:55:00,0.18332155662162375
2026/07/28 19:00:00,0.1650000666567425
2026/07/28 19:05:00,0.15996960097339846
2026/07/28 19:10:00,0.17000469962411108
2026/07/28 19:15:00,0.1650344800923726
2026/07/28 19:20:00,0.16833333340740736
2026/07/28 19:25:00,0.16333167695563872
2026/07/28 19:30:00,0.16500006546210466
2026/07/28 19:35:00,0.16333340683341432
2026/07/28 19:40:00,0.16995761093367234
2026/07/28 19:45:00,0.1616989593375447
2026/07/28 19:50:00,0.17162246291658861
2026/07/28 19:55:00,0.17836562600421135
2026/07/28 20:00:00,0.17662197982286132
2026/07/28 20:05:00,0.16003103215535758
2026/07/28 20:10:00,0.18496238062537668
2026/07/28 20:15:00,0.17000529239152765
2026/07/28 20:20:00,0.16837580410658787
2026/07/28 20:25:00,0.163333398795438
2026/07/28 20:30:00,0.16496038636337537
2026/07/28 20:35:00,0.16166723558247872
2026/07/28 20:40:00,0.16503051426245713
2026/07/28 20:45:00,0.16166666666666663
2026/07/28 20:50:00,0.16829211385228302
2026/07/28 20:55:00,0.16333506695918504
2026/07/28 21:00:00,0.16667542086563936
2026/07/28 21:05:00,0.1633322616367441
2026/07/28 21:10:00,0.16333811591321817
2026/07/28 21:15:00,0.16500004459401643
2026/07/28 21:20:00,0.19338862378692423
2026/07/28 21:25:00,0.1566696864916009
2026/07/28 21:30:00,0.17165871435727792
2026/07/28 21:35:00,0.15666842485228022
2026/07/28 21:40:00,0.1666598525149462
2026/07/28 21:45:00,0.16329899335221904
2026/07/28 21:50:00,0.1633337898969722
2026/07/28 21:55:00,0.16503414584340315
2026/07/28 22:00:00,0.1716253571714283
2026/07/28 22:05:00,0.16003115664356704
2026/07/28 22:10:00,0.171654161398005
2026/07/28 22:15:00,0.16163849050644252
2026/07/28 22:20:00,0.17171083251972435
2026/07/28 22:25:00,0.16666288546401004
2026/07/28 22:30:00,0.16833520498206855
2026/07/28 22:35:00,0.16666562389654996
2026/07/28 22:40:00,0.1666259732129056
2026/07/28 22:45:00,0.1600357310434249
2026/07/28 22:50:00,0.19333820746080324
2026/07/28 22:55:00,0.17998384973799028
2026/07/28 23:00:00,0.17496484116279468
2026/07/28 23:05:00,0.15336842341654633
2026/07/28 23:10:00,0.15498991096908618
2026/07/28 23:15:00,0.1699957154856707
2026/07/28 23:20:00,0.183333305574537
2026/07/28 23:25:00,0.1633296583842358
2026/07/28 23:30:00,0.16833575299808262
2026/07/28 23:35:00,0.16330065831600565
2026/07/28 23:40:00,0.16833525309938563
2026/07/28 23:45:00,0.1633362333099523
2026/07/28 23:50:00,0.16503182222797982
2026/07/28 23:55:00,0.16496732255571817
2026/07/29 00:00:00,0.17838511890621916
2026/07/29 00:05:00,0.18330117158666465
2026/07/29 00:10:00,0.16670893945819848
2026/07/29 00:15:00,0.16500008109163516
2026/07/29 00:20:00,0.16829555118187922
2026/07/29 00:25:00,0.1583328977840816
2026/07/29 00:30:00,0.16670877736753137
2026/07/29 00:35:00,0.16500188575452793
2026/07/29 00:40:00,0.29011707400938935
2026/07/29 00:45:00,0.3265205625036551
2026/07/29 00:50:00,0.16663450491999796
2026/07/29 00:55:00,0.1866667500236111
2026/07/29 01:00:00,0.19166277145628668
2026/07/29 01:05:00,0.158362601818979
2026/07/29 01:10:00,0.16662844119047374
2026/07/29 01:15:00,0.16666390452510194
2026/07/29 01:20:00,0.1666667054438629
2026/07/29 01:25:00,0.16836788301295685
2026/07/29 01:30:00,0.16666022128723038
2026/07/29 01:35:00,0.16166666666666663
2026/07/29 01:40:00,0.17166503387200216
2026/07/29 01:45:00,0.16333339457320734
2026/07/29 01:50:00,0.16996825387762415
2026/07/29 01:55:00,0.16503428673275056
2026/07/29 02:00:00,0.1700001667046296
2026/07/29 02:05:00,0.16999825059067267
2026/07/29 02:10:00,0.16996002240229932
2026/07/29 02:15:00,0.1683656438944215
2026/07/29 02:20:00,0.1716245269170098
2026/07/29 02:25:00,0.16170410319814124
2026/07/29 02:30:00,0.19327217655368273
2026/07/29 02:35:00,0.16336496499219405
2026/07/29 02:40:00,0.1649673678631571
2026/07/29 02:45:00,0.16503203393312396
2026/07/29 02:50:00,0.16829509829509826
2026/07/29 02:55:00,0.16503340662707355
2026/07/29 03:00:00,0.176666138897685
2026/07/29 03:05:00,0.16666386580010156
2026/07/29 03:10:00,0.17329835451359019
2026/07/29 03:15:00,0.16669995161586332
2026/07/29 03:20:00,0.16829394290261318
2026/07/29 03:25:00,0.16333524707068997
2026/07/29 03:30:00,0.16666677781481476
2026/07/29 03:35:00,0.18502950209098984
2026/07/29 03:40:00,0.16995662127098482
2026/07/29 03:45:00,0.16169836612497687
2026/07/29 03:50:00,0.16663281219648912
2026/07/29 03:55:00,0.16169889387544
2026/07/29 04:00:00,0.19000159325796012
2026/07/29 04:05:00,0.16333694477768917
2026/07/29 04:10:00,0.16833170607192913
2026/07/29 04:15:00,0.16666664774287884
2026/07/29 04:20:00,0.16329951447470856
2026/07/29 04:25:00,0.16333515176394958
2026/07/29 04:30:00,0.17002892937162217
2026/07/29 04:35:00,0.16333284669451548
2026/07/29 04:40:00,0.16830237608972806
2026/07/29 04:45:00,0.16666620328502968
2026/07/29 04:50:00,0.1683345682668262
2026/07/29 04:55:00,0.1666698480631616
2026/07/29 05:00:00,0.1683662561439957
2026/07/29 05:05:00,0.16496621108713683
2026/07/29 05:10:00,0.16670579156600174
2026/07/29 05:15:00,0.18328671328671325
2026/07/29 05:20:00,0.17499925004861086
2026/07/29 05:25:00,0.16503731571542174
2026/07/29 05:30:00,0.16996559111140702
2026/07/29 05:35:00,0.16833679294239504
2026/07/29 05:40:00,0.1716976584088758
2026/07/29 05:45:00,0.16666293666998772
2026/07/29 05:50:00,0.16832735456162978
2026/07/29 05:55:00,0.16496279998788205
2026/07/29 06:00:00,0.17167059416732466
2026/07/29 06:05:00,0.16170173125112802
2026/07/29 06:10:00,0.2799893285779331
2026/07/29 06:15:00,0.1699696924601641
2026/07/29 06:20:00,0.1633673932444662
2026/07/29 06:25:00,0.168334538286698
2026/07/29 06:30:00,0.18330180943317975
2026/07/29 06:35:00,0.16666826397343942
2026/07/29 06:40:00,0.1699998490295601
2026/07/29 06:45:00,0.16337068454827064
2026/07/29 06:50:00,0.16833506607327225
2026/07/29 06:55:00,0.16496826169659395
2026/07/29 07:00:00,0.16836309124508275
2026/07/29 07:05:00,0.16663810608380117
2026/07/29 07:10:00,0.16504304988632187
2026/07/29 07:15:00,0.1666600800505917
2026/07/29 07:20:00,0.1683247413230487
2026/07/29 07:25:00,0.16166282791110592
2026/07/29 07:30:00,0.17165865879987047
2026/07/29 07:35:00,0.15833345436858617
2026/07/29 07:40:00,0.16832649062950028
2026/07/29 07:45:00,0.18667861220169885
2026/07/29 07:50:00,0.1666599059579659
2026/07/29 07:55:00,0.16166678877433246
2026/07/29 08:00:00,0.17163450493759053
2026/07/29 08:05:00,0.16170245149909063
2026/07/29 08:10:00,0.19332065255939695
2026/07/29 08:15:00,0.16167621920877734
2026/07/29 08:20:00,0.1683333422216048
2026/07/29 08:25:00,0.18331499442459948
2026/07/29 08:30:00,0.170009667360539
2026/07/29 08:35:00,0.16837014975815204
2026/07/29 08:40:00,0.17000004457188123
2026/07/29 08:45:00,0.1633349051919788
2026/07/29 08:50:00,0.16999322703483738
2026/07/29 08:55:00,0.1633333333333333
2026/07/29 09:00:00,0.17329200794785565
2026/07/29 09:05:00,0.18336781340718739
2026/07/29 09:10:00,0.17499832533565365
2026/07/29 09:15:00,0.17163749984653193
2026/07/29 09:20:00,0.16666346884673938
2026/07/29 09:25:00,0.16169732003829682
2026/07/29 09:30:00,0.17163249107448378
2026/07/29 09:35:00,0.16166848718121601
2026/07/29 09:40:00,0.1716783719762263
2026/07/29 09:45:00,0.16002892944578112
2026/07/29 09:50:00,0.16829840603862908
2026/07/29 09:55:00,0.16666562447810712
2026/07/29 10:00:00,0.17000576693299083
2026/07/29 10:05:00,0.16503218980521545
2026/07/29 10:10:00,0.16499133999507073
2026/07/29 10:15:00,0.18663569843503233
2026/07/29 10:20:00,0.1716660989736869
2026/07/29 10:25:00,0.16337182406035836
2026/07/29 10:30:00,0.17329579608713913
2026/07/29 10:35:00,0.1583639010040657
2026/07/29 10:40:00,0.2615815039031037
2026/07/29 10:45:00,0.16500000885352703
2026/07/29 10:50:00,0.16999837162917686
2026/07/29 10:55:00,0.16500357350393974
2026/07/29 11:00:00,0.17166842829765414
2026/07/29 11:05:00,0.16163451393841236
2026/07/29 11:10:00,0.2500345671085501
2026/07/29 11:15:00,0.16496907318682422
2026/07/29 11:20:00,0.1700415126221016
2026/07/29 11:25:00,0.16499667680995678
2026/07/29 11:30:00,0.1666658067954124
2026/07/29 11:35:00,0.16170246749483513
2026/07/29 11:40:00,0.1682926647114353
2026/07/29 11:45:00,0.16333407051408605
2026/07/29 11:50:00,0.1683346766158098
2026/07/29 11:55:00,0.18333939678316277
2026/07/29 12:00:00,0.17500495072808664
2026/07/29 12:05:00,0.16170238167401366
2026/07/29 12:10:00,0.17330056048573853
2026/07/29 12:15:00,0.16836781227580447
2026/07/29 12:20:00,0.16995508996728426
2026/07/29 12:25:00,0.181699422736828
2026/07/29 12:30:00,0.17332990682955557
2026/07/29 12:35:00,0.1649616941255665
2026/07/29 12:40:00,0.1717013789817426
2026/07/29 12:45:00,0.1633351849631504
2026/07/29 12:50:00,0.17330126936146364
2026/07/29 12:55:00,0.16503728795569952
2026/07/29 13:00:00,0.17165599258317513
2026/07/29 13:05:00,0.16329674278338208
2026/07/29 13:10:00,0.16834777967212916
2026/07/29 13:15:00,0.17837900398205492
2026/07/29 13:20:00,0.17997896843613786
2026/07/29 13:25:00,0.15996121216074852
2026/07/29 13:30:00,0.16833284829347428
2026/07/29 13:35:00,0.1633661605887559
2026/07/29 13:40:00,0.16663397611466005
2026/07/29 13:45:00,0.16503285056825912
2026/07/29 13:50:00,0.16499329456806916
2026/07/29 13:55:00,0.16496621443730106
2026/07/29 14:00:00,0.17337577305491902
2026/07/29 14:05:00,0.16000007118526116
2026/07/29 14:10:00,0.1750063632878764
2026/07/29 14:15:00,0.1633338333601853
2026/07/29 14:20:00,0.16999426872768866
2026/07/29 14:25:00,0.16329723183132838
2026/07/29 14:30:00,0.1666996314707013
2026/07/29 14:35:00,0.1783308314265229
2026/07/29 14:40:00,0.1766176431470139
2026/07/29 14:45:00,0.16503577060596986
2026/07/29 14:50:00,0.16830010279172872
2026/07/29 14:55:00,0.16003510441462615
2026/07/29 15:00:00,0.16996767160610904
2026/07/29 15:05:00,0.1633350949643208
2026/07/29 15:10:00,0.1683644483923463
2026/07/29 15:15:00,0.17000287622451077
2026/07/29 15:20:00,0.1683340105529007
2026/07/29 15:25:00,0.16333609725791343
2026/07/29 15:30:00,0.17166562321858944
2026/07/29 15:35:00,0.1750010555907419
2026/07/29 15:40:00,0.17999848950226066
2026/07/29 15:45:00,0.16330296786469814
2026/07/29 15:50:00,0.17337408473697202
2026/07/29 15:55:00,0.1633041304099611
2026/07/29 16:00:00,0.1683747094219582
2026/07/29 16:05:00,0.1583265156223498
2026/07/29 16:10:00,0.17830176986330512
2026/07/29 16:15:00,0.18167715893825717
2026/07/29 16:20:00,0.17167127197987117
2026/07/29 16:25:00,0.15999944450740627
2026/07/29 16:30:00,0.16670182219253893
2026/07/29 16:35:00,0.16500183398384005
2026/07/29 16:40:00,0.16496684820927693
2026/07/29 16:45:00,0.1633299729493937
2026/07/29 16:50:00,0.16837521711249215
2026/07/29 16:55:00,0.1683012127554718
2026/07/29 17:00:00,0.1733437887798226
2026/07/29 17:05:00,0.16333667837682475
2026/07/29 17:10:00,0.1716999692309271
2026/07/29 17:15:00,0.1633030198619166
2026/07/29 17:20:00,0.17003417350126973
2026/07/29 17:25:00,0.16329903600049805
2026/07/29 17:30:00,0.16837857291771166
2026/07/29 17:35:00,0.18163436605472016
2026/07/29 17:40:00,0.1750442538377726
2026/07/29 17:45:00,0.15999849592032458
2026/07/29 17:50:00,0.16829440931752265
2026/07/29 17:55:00,0.1633333998878444
2026/07/29 18:00:00,0.17003371329129374
2026/07/29 18:05:00,0.16330463171631485
2026/07/29 18:10:00,0.16500627438084595
2026/07/29 18:15:00,0.18332765801645445
2026/07/29 18:20:00,0.17002990660690495
2026/07/29 18:25:00,0.16329897777966174
2026/07/29 18:30:00,0.17001214653341157
2026/07/29 18:35:00,0.16169947727127262
2026/07/29 18:40:00,0.16830383658748946
2026/07/29 18:45:00,0.16333232880921786
2026/07/29 18:50:00,0.1633723452176379
2026/07/29 18:55:00,0.1632996132327391
2026/07/29 19:00:00,0.16667422613270727
2026/07/29 19:05:00,0.161699978301643
2026/07/29 19:10:00,0.16829668666481687
2026/07/29 19:15:00,0.161698373917192
2026/07/29 19:20:00,0.16996675604657635
2026/07/29 19:25:00,0.1633672301539465
2026/07/29 19:30:00,0.16996870050861604
2026/07/29 19:35:00,0.16667054132071163
2026/07/29 19:40:00,0.17003552622875137
2026/07/29 19:45:00,0.2616300108738788
2026/07/29 19:50:00,0.188374595154733
2026/07/29 19:55:00,0.1649661189164998
2026/07/29 20:00:00,0.17832826946997257
2026/07/29 20:05:00,0.16336844130722256
2026/07/29 20:10:00,0.16663573640811696
2026/07/29 20:15:00,0.1716978315185903
2026/07/29 20:20:00,0.1649949440338931
2026/07/29 20:25:00,0.1649984016650683
2026/07/29 20:30:00,0.16829037751207396
2026/07/29 20:35:00,0.16166781559127444
2026/07/29 20:40:00,0.17003522903089924
2026/07/29 20:45:00,0.17829778615723946
2026/07/29 20:50:00,0.16670574401307592
2026/07/29 20:55:00,0.1616344761229935
2026/07/29 21:00:00,0.17004079134482453
2026/07/29 21:05:00,0.1633029366630261
2026/07/29 21:10:00,0.16837396451410358
2026/07/29 21:15:00,0.17996791060618386
2026/07/29 21:20:00,0.17004072884650084
2026/07/29 21:25:00,0.1616668521077291
2026/07/29 21:30:00,0.16999505407034862
2026/07/29 21:35:00,0.15999843820070048
2026/07/29 21:40:00,0.16832669680888113
2026/07/29 21:45:00,0.24324705435972108
2026/07/29 21:50:00,0.16499452390994104
2026/07/29 21:55:00,0.16330000554031104
2026/07/29 22:00:00,0.17004363808407605
2026/07/29 22:05:00,0.1616672633607195
2026/07/29 22:10:00,0.18830803445184827
2026/07/29 22:15:00,0.16499846712717298
2026/07/29 22:20:00,0.16836545052525376
2026/07/29 22:25:00,0.16329899455851454
2026/07/29 22:30:00,0.16836778449756368
2026/07/29 22:35:00,0.16333508051830176
2026/07/29 22:40:00,0.1650000000185185
2026/07/29 22:45:00,0.16166510486736713
2026/07/29 22:50:00,0.18827318896355694
2026/07/29 22:55:00,0.1633678788692921
2026/07/29 23:00:00,0.17163285114137855
2026/07/29 23:05:00,0.16834194297324873
2026/07/29 23:10:00,0.16666407142877648
2026/07/29 23:15:00,0.16336904738048677
2026/07/29 23:20:00,0.16663573985349087
2026/07/29 23:25:00,0.1633627150658197
2026/07/29 23:30:00,0.16830064488917004
2026/07/29 23:35:00,0.15833390096766486
2026/07/29 23:40:00,0.19003425790626044
2026/07/29 23:45:00,0.16000179170006118
2026/07/29 23:50:00,0.16829531820296956
2026/07/29 23:55:00,0.16670117338737853
2026/07/30 00:00:00,0.18330237546333472
2026/07/30 00:05:00,0.18999670899704724
2026/07/30 00:10:00,0.16837073364559113
2026/07/30 00:15:00,0.1666638442814763
2026/07/30 00:20:00,0.17499331247452538
2026/07/30 00:25:00,0.16166673649174362
2026/07/30 00:30:00,0.16832634331446045
2026/07/30 00:35:00,0.17499755157035057
2026/07/30 00:40:00,0.18665009498649948
2026/07/30 00:45:00,0.17333107658786293
2026/07/30 00:50:00,0.17165999477580351
2026/07/30 00:55:00,0.16333223607971675
2026/07/30 01:00:00,0.17496284268541412
2026/07/30 01:05:00,0.16503724976594233
2026/07/30 01:10:00,0.17000001340218235
2026/07/30 01:15:00,0.16833327779629623
2026/07/30 01:20:00,0.1666600035825591
2026/07/30 01:25:00,0.16666623797585373
2026/07/30 01:30:00,0.16663521500479636
2026/07/30 01:35:00,0.1650339945629173
2026/07/30 01:40:00,0.16999076108475242
2026/07/30 01:45:00,0.16330071724290876
2026/07/30 01:50:00,0.17166651324041454
2026/07/30 01:55:00,0.1800210071932617
2026/07/30 02:00:00,0.171666138897685
2026/07/30 02:05:00,0.2366289280762525
2026/07/30 02:10:00,0.18503855883878936
2026/07/30 02:15:00,0.1733354696501131
2026/07/30 02:20:00,0.1732961588782427
2026/07/30 02:25:00,0.16169886719053156
2026/07/30 02:30:00,0.17329881222611854
2026/07/30 02:35:00,0.16000009783469488
2026/07/30 02:40:00,0.17000536824269258
2026/07/30 02:45:00,0.18333050852920302
2026/07/30 02:50:00,0.16836542385799258
2026/07/30 02:55:00,0.16330071718104902
2026/07/30 03:00:00,0.1750432424813012
2026/07/30 03:05:00,0.16496564557426582
2026/07/30 03:10:00,0.1733693985409726
2026/07/30 03:15:00,0.16996794474018062
2026/07/30 03:20:00,0.17003185230345794
2026/07/30 03:25:00,0.16500532425434594
2026/07/30 03:30:00,0.17000418993975294
2026/07/30 03:35:00,0.16332950778376684
2026/07/30 03:40:00,0.16665826852881951
2026/07/30 03:45:00,0.16329835164619705
2026/07/30 03:50:00,0.1867004450119347
2026/07/30 03:55:00,0.16329954432526045
2026/07/30 04:00:00,0.16999837388499536
2026/07/30 04:05:00,0.16666785183400595
2026/07/30 04:10:00,0.1667000988288047
2026/07/30 04:15:00,0.1882945964762665
2026/07/30 04:20:00,0.16666801496871586
2026/07/30 04:25:00,0.16333851410443545
2026/07/30 04:30:00,0.16670368695533194
2026/07/30 04:35:00,0.16329946565195824
2026/07/30 04:40:00,0.17170744018195877
2026/07/30 04:45:00,0.16496901656070753
2026/07/30 04:50:00,0.166668021058469
2026/07/30 04:55:00,0.1633684263368048
2026/07/30 05:00:00,0.16665938702224664
2026/07/30 05:05:00,0.1616655928909815
2026/07/30 05:10:00,0.16999831831248274
2026/07/30 05:15:00,0.16499498729157802
2026/07/30 05:20:00,0.17162355906444177
2026/07/30 05:25:00,0.15666749576078842
2026/07/30 05:30:00,0.16836911787534298
2026/07/30 05:35:00,0.1633333333333333
2026/07/30 05:40:00,0.16499493299613613
2026/07/30 05:45:00,0.188317891609104
2026/07/30 05:50:00,0.16496049632930246
2026/07/30 05:55:00,0.16666793054682028
2026/07/30 06:00:00,0.17166446988428158
2026/07/30 06:05:00,0.16336732789625066
2026/07/30 06:10:00,0.16830014491694767
2026/07/30 06:15:00,0.16836617279655125
2026/07/30 06:20:00,0.16996512144616877
2026/07/30 06:25:00,0.2768196732022321
2026/07/30 06:30:00,0.16829994938481246
2026/07/30 06:35:00,0.16666171015241432
2026/07/30 06:40:00,0.1750388877490643
2026/07/30 06:45:00,0.1632989931773563
2026/07/30 06:50:00,0.17333318102115972
2026/07/30 06:55:00,0.18001882126256646
2026/07/30 07:00:00,0.29832603614656306
2026/07/30 07:05:00,0.3416125586170537
2026/07/30 07:10:00,0.16837154817502467
2026/07/30 07:15:00,0.16662888451521254
2026/07/30 07:20:00,0.16502937924803715
2026/07/30 07:25:00,0.16499662673713883
2026/07/30 07:30:00,0.16999999999999996
2026/07/30 07:35:00,0.1633283361978329
2026/07/30 07:40:00,0.1666287891294922
2026/07/30 07:45:00,0.16667080108155802
2026/07/30 07:50:00,0.16837429367944248
2026/07/30 07:55:00,0.16499667546029406
2026/07/30 08:00:00,0.1683247987371832
2026/07/30 08:05:00,0.16499847164477774
2026/07/30 08:10:00,0.16829779832380345
2026/07/30 08:15:00,0.16166974415225502
2026/07/30 08:20:00,0.1733677012035831
2026/07/30 08:25:00,0.16166338767923732
2026/07/30 08:30:00,0.16999660752535029
2026/07/30 08:35:00,0.16333168051490177
2026/07/30 08:40:00,0.1866463573508123
2026/07/30 08:45:00,0.16500530957789414
2026/07/30 08:50:00,0.16662548577374972
2026/07/30 08:55:00,0.161665039423781
2026/07/30 09:00:00,0.17003805610371184
2026/07/30 09:05:00,0.17661414542094347
2026/07/30 09:10:00,0.17170945596173448
2026/07/30 09:15:00,0.16663488883792665
2026/07/30 09:20:00,0.16837229728958408
2026/07/30 09:25:00,0.16496614552982242
2026/07/30 09:30:00,0.16670574401307595
2026/07/30 09:35:00,0.1616338938357385
2026/07/30 09:40:00,0.16837480125808849
2026/07/30 09:45:00,0.16167024992604828
2026/07/30 09:50:00,0.1682995187682331
2026/07/30 09:55:00,0.15999956102538873
2026/07/30 10:00:00,0.18504456273621206
2026/07/30 10:05:00,0.16662588448427013
2026/07/30 10:10:00,0.16667816835110794
2026/07/30 10:15:00,0.16833668007672298
2026/07/30 10:20:00,0.16167246186855783
2026/07/30 10:25:00,0.16333173904094864
2026/07/30 10:30:00,0.171674955404711
2026/07/30 10:35:00,0.161699422736828
2026/07/30 10:40:00,0.17162784515559212
2026/07/30 10:45:00,0.16166775398145863
2026/07/30 10:50:00,0.16833692154734764
2026/07/30 10:55:00,0.18497696510184705
2026/07/30 11:00:00,0.1700063258140282
2026/07/30 11:05:00,0.1616702510326661
2026/07/30 11:10:00,0.1683659238496594
2026/07/30 11:15:00,0.18330124633118888
2026/07/30 11:20:00,0.17167697913862645
2026/07/30 11:25:00,0.15836512817643797
2026/07/30 11:30:00,0.16662963548908077
2026/07/30 11:35:00,0.1633661738834549
2026/07/30 11:40:00,0.16662610678215084
2026/07/30 11:45:00,0.16333162853620184
2026/07/30 11:50:00,0.16666598543651343
2026/07/30 11:55:00,0.1600310498950723
2026/07/30 12:00:00,0.17329610560029457
2026/07/30 12:05:00,0.16003225392984669
2026/07/30 12:10:00,0.16996335400913026
2026/07/30 12:15:00,0.16336671165638691
2026/07/30 12:20:00,0.16662302645034993
2026/07/30 12:25:00,0.16166165616070474
2026/07/30 12:30:00,0.1650013333935199
2026/07/30 12:35:00,0.16166283216841554
2026/07/30 12:40:00,0.16336620053405024
2026/07/30 12:45:00,0.17333333333333328
2026/07/30 12:50:00,0.17498643842129497
2026/07/30 12:55:00,0.1599655911289996
2026/07/30 13:00:00,0.16836448884551744
2026/07/30 13:05:00,0.168331755259426
2026/07/30 13:10:00,0.16666329696306853
2026/07/30 13:15:00,0.16996434293410806
2026/07/30 13:20:00,0.18505431855200624
2026/07/30 13:25:00,0.16166510486736713
2026/07/30 13:30:00,0.17332152197115364
2026/07/30 13:35:00,0.16166673429266476
2026/07/30 13:40:00,0.1750035771789438
2026/07/30 13:45:00,0.16333333333333327
2026/07/30 13:50:00,0.17163347084707575
2026/07/30 13:55:00,0.16500754344215415
2026/07/30 14:00:00,0.16833919175191736
2026/07/30 14:05:00,0.163334403198013
2026/07/30 14:10:00,0.16833233359259667
2026/07/30 14:15:00,0.16503633198591508
2026/07/30 14:20:00,0.18996431229832983
2026/07/30 14:25:00,0.16003220276162028
2026/07/30 14:30:00,0.17333406547321598
2026/07/30 14:35:00,0.1583334519383052
2026/07/30 14:40:00,0.1716254400670902
2026/07/30 14:45:00,0.16836800175187122
2026/07/30 14:50:00,0.16829658554707194
2026/07/30 14:55:00,0.1616677777962966
2026/07/30 15:00:00,0.1716810097333703
2026/07/30 15:05:00,0.16000066413103148
2026/07/30 15:10:00,0.17000354463759973
2026/07/30 15:15:00,0.15999719437147036
2026/07/30 15:20:00,0.1683321291158203
2026/07/30 15:25:00,0.16170504896993393
2026/07/30 15:30:00,0.16829892444474037
2026/07/30 15:35:00,0.16333002769647026
2026/07/30 15:40:00,0.16669756091670948
2026/07/30 15:45:00,0.16330021718400714
2026/07/30 15:50:00,0.18668288566617325
2026/07/30 15:55:00,0.16000232284151072
2026/07/30 16:00:00,0.17001002367965595
2026/07/30 16:05:00,0.16169958930419354
2026/07/30 16:10:00,0.16832903674790076
2026/07/30 16:15:00,0.17000259409000212
2026/07/30 16:20:00,0.16663225777807372
2026/07/30 16:25:00,0.16169949979439857
2026/07/30 16:30:00,0.17166209380897562
2026/07/30 16:35:00,0.1616702100958835
2026/07/30 16:40:00,0.1916682538917468
2026/07/30 16:45:00,0.15996910318552754
2026/07/30 16:50:00,0.16836608832868089
2026/07/30 16:55:00,0.1616684618556205
2026/07/30 17:00:00,0.16832327132410593
2026/07/30 17:05:00,0.16500007474452422
2026/07/30 17:10:00,0.16663404477701443
2026/07/30 17:15:00,0.1666978267741262
2026/07/30 17:20:00,0.17161346102281777
2026/07/30 17:25:00,0.15999795665561833
2026/07/30 17:30:00,0.19166838149547916
2026/07/30 17:35:00,0.15836732326550057
2026/07/30 17:40:00,0.168326410531716
2026/07/30 17:45:00,0.16163626310561155
2026/07/30 17:50:00,0.16667355902262007
2026/07/30 17:55:00,0.16336738883982754
2026/07/30 18:00:00,0.1683012414117416
2026/07/30 18:05:00,0.1616989593375447
2026/07/30 18:10:00,0.17165664124982277
2026/07/30 18:15:00,0.1633284394019958
2026/07/30 18:20:00,0.1649993169995878
2026/07/30 18:25:00,0.16496735172805865
2026/07/30 18:30:00,0.166673044875981
2026/07/30 18:35:00,0.16500118231845046
2026/07/30 18:40:00,0.16504416240768377
2026/07/30 18:45:00,0.16333173395792147
2026/07/30 18:50:00,0.17166003123480583
2026/07/30 18:55:00,0.17333718333342912
2026/07/30 19:00:00,0.17665324591477438
2026/07/30 19:05:00,0.16163461231012904
2026/07/30 19:10:00,0.16667181959999025
2026/07/30 19:15:00,0.16670223951210303
2026/07/30 19:20:00,0.1682990625645362
2026/07/30 19:25:00,0.16169541304002072
2026/07/30 19:30:00,0.17165508160986626
2026/07/30 19:35:00,0.16166503490184705
2026/07/30 19:40:00,0.18999307716736752
2026/07/30 19:45:00,0.1616317033781196
2026/07/30 19:50:00,0.16670528063423856
2026/07/30 19:55:00,0.16163714089872866
2026/07/30 20:00:00,0.16833982610349937
2026/07/30 20:05:00,0.18331821036270898
2026/07/30 20:10:00,0.17171262631330858
2026/07/30 20:15:00,0.16663349500781047
2026/07/30 20:20:00,0.1716982223430005
2026/07/30 20:25:00,0.15997110499916795
2026/07/30 20:30:00,0.17003272655582186
2026/07/30 20:35:00,0.16666329340380545
2026/07/30 20:40:00,0.17163177341703845
2026/07/30 20:45:00,0.1666765006974929
2026/07/30 20:50:00,0.1683368634860562
2026/07/30 20:55:00,0.16003567630856513
2026/07/30 21:00:00,0.16999947223101836
2026/07/30 21:05:00,0.16163811821419719
2026/07/30 21:10:00,0.16832638881061193
2026/07/30 21:15:00,0.1650293295663836
2026/07/30 21:20:00,0.16666328984454243
2026/07/30 21:25:00,0.17666845946483495
2026/07/30 21:30:00,0.171619645655275
2026/07/30 21:35:00,0.16167261520336082
2026/07/30 21:40:00,0.16667429880834933
2026/07/30 21:45:00,0.1616666846612218
2026/07/30 21:50:00,0.17004458573152634
2026/07/30 21:55:00,0.1583334031584103
2026/07/30 22:00:00,0.16999135568871987
2026/07/30 22:05:00,0.16165630998024838
2026/07/30 22:10:00,0.1666632565480518
2026/07/30 22:15:00,0.18668397905371575
2026/07/30 22:20:00,0.1666598525149462
2026/07/30 22:25:00,0.15999841674582935
2026/07/30 22:30:00,0.16665999159349584
2026/07/30 22:35:00,0.160000073500081
2026/07/30 22:40:00,0.17167029807820577
2026/07/30 22:45:00,0.1583334707844084
2026/07/30 22:50:00,0.2716666666666666
2026/07/30 22:55:00,0.18333166601899506
2026/07/30 23:00:00,0.16832652769431694
2026/07/30 23:05:00,0.16665952658884253
2026/07/30 23:10:00,0.16831888526690578
2026/07/30 23:15:00,0.16333365339541775
2026/07/30 23:20:00,0.16995777689802832
2026/07/30 23:25:00,0.1583672192385546
2026/07/30 23:30:00,0.16666092633477936
2026/07/30 23:35:00,0.1616631549911185
2026/07/30 23:40:00,0.16328920510084072
2026/07/30 23:45:00,0.16667032740265184
2026/07/30 23:50:00,0.18669112754651046
2026/07/30 23:55:00,0.16170055989873003
2026/07/31 00:00:00,0.18327919588238178
2026/07/31 00:05:00,0.18168823981735888
2026/07/31 00:10:00,0.17000190231634488
2026/07/31 00:15:00,0.16169877433652874
2026/07/31 00:20:00,0.1632926729053699
2026/07/31 00:25:00,0.1633718470394714
2026/07/31 00:30:00,0.1766171721518106
2026/07/31 00:35:00,0.1616996055242474
2026/07/31 00:40:00,0.1833333333333333
2026/07/31 00:45:00,0.16833643420818553
2026/07/31 00:50:00,0.16499433862008764
2026/07/31 00:55:00,0.1616667903669648
2026/07/31 01:00:00,0.16997133593162014
2026/07/31 01:05:00,0.16170381414397145
2026/07/31 01:10:00,0.16833152987329297
2026/07/31 01:15:00,0.16999623127977825
2026/07/31 01:20:00,0.16499898052772094
2026/07/31 01:25:00,0.1732818049816799
2026/07/31 01:30:00,0.1749997856626409
2026/07/31 01:35:00,0.16166678680555707
2026/07/31 01:40:00,0.17334045533220882
2026/07/31 01:45:00,0.1616933488779025
2026/07/31 01:50:00,0.16996556335168483
2026/07/31 01:55:00,0.16333448107528659
2026/07/31 02:00:00,0.16836143383071694
2026/07/31 02:05:00,0.163298987215043
2026/07/31 02:10:00,0.43515874524019055
2026/07/31 02:15:00,0.17666672692262714
2026/07/31 02:20:00,0.16997045353742038
2026/07/31 02:25:00,0.1616662634703216
2026/07/31 02:30:00,0.16670509961157903
2026/07/31 02:35:00,0.16666509496354615
2026/07/31 02:40:00,0.16996673009242957
2026/07/31 02:45:00,0.18670712485735133
2026/07/31 02:50:00,0.16830229394175045
2026/07/31 02:55:00,0.16169792081132275
2026/07/31 03:00:00,0.19665735872268045
2026/07/31 03:05:00,0.16500112618307022
2026/07/31 03:10:00,0.1699999722402777
2026/07/31 03:15:00,0.1716665426683571
2026/07/31 03:20:00,0.16833164942639905
2026/07/31 03:25:00,0.17166512968906084
2026/07/31 03:30:00,0.1666667353992825
2026/07/31 03:35:00,0.1616339751134345
2026/07/31 03:40:00,0.1733662817988284
2026/07/31 03:45:00,0.1683327415277898
2026/07/31 03:50:00,0.17496675670945125
2026/07/31 03:55:00,0.17003579734147092
2026/07/31 04:00:00,0.17000171424784571
2026/07/31 04:05:00,0.1683384873020864
2026/07/31 04:10:00,0.16829869687421956
2026/07/31 04:15:00,0.1650327827735883
2026/07/31 04:20:00,0.17166673557414527
2026/07/31 04:25:00,0.18166423395294717
2026/07/31 04:30:00,0.17496520987783637
2026/07/31 04:35:00,0.16336558726317998
2026/07/31 04:40:00,0.23822970166911475
2026/07/31 04:45:00,0.18333148607670793
2026/07/31 04:50:00,0.16503343336676665
2026/07/31 04:55:00,0.16329787826964742
2026/07/31 05:00:00,0.17170574745844985
2026/07/31 05:05:00,0.16163282338073034
2026/07/31 05:10:00,0.17004597196581045
2026/07/31 05:15:00,0.16329729718333622
2026/07/31 05:20:00,0.17004085931768553
2026/07/31 05:25:00,0.16329730163532252
2026/07/31 05:30:00,0.16503200510414134
2026/07/31 05:35:00,0.18496551027031322
2026/07/31 05:40:00,0.1667044636759038
2026/07/31 05:45:00,0.1616317011224138
2026/07/31 05:50:00,0.16337192944712053
2026/07/31 05:55:00,0.16666674016674765
2026/07/31 06:00:00,0.17329773060260983
2026/07/31 06:05:00,0.1933336811909153
2026/07/31 06:10:00,0.18833555235024035
2026/07/31 06:15:00,0.17166958295039936
2026/07/31 06:20:00,0.16669536547757718
2026/07/31 06:25:00,0.2781889168405705
2026/07/31 06:30:00,0.1717019365751118
2026/07/31 06:35:00,0.16166490504894973
2026/07/31 06:40:00,0.16830231171325383
2026/07/31 06:45:00,0.16666265359710994
2026/07/31 06:50:00,0.17333564586683964
2026/07/31 06:55:00,0.16503239972985426
2026/07/31 07:00:00,0.18500738041792494
2026/07/31 07:05:00,0.17163068586627445
2026/07/31 07:10:00,0.17503667402531692
2026/07/31 07:15:00,0.17330512024921524
2026/07/31 07:20:00,0.1800307850130837
2026/07/31 07:25:00,0.16666564764093014
2026/07/31 07:30:00,0.17000173273993888
2026/07/31 07:35:00,0.16663697795644
2026/07/31 07:40:00,0.16999826346231048
2026/07/31 07:45:00,0.1683678556828249
2026/07/31 07:50:00,0.16999708224625096
2026/07/31 07:55:00,0.16499678784702615
2026/07/31 08:00:00,0.17332636216387676
2026/07/31 08:05:00,0.16166510601376677
2026/07/31 08:10:00,0.16999776611435313
2026/07/31 08:15:00,0.1716370818657491
2026/07/31 08:20:00,0.16837431289432878
2026/07/31 08:25:00,0.16832929934124358
2026/07/31 08:30:00,0.1716673055856483
2026/07/31 08:35:00,0.16329848842452005
2026/07/31 08:40:00,0.1883319885523171
2026/07/31 08:45:00,0.16503344255197147
2026/07/31 08:50:00,0.17495228728496995
2026/07/31 08:55:00,0.1616650427530159
2026/07/31 09:00:00,0.17000941448593124
2026/07/31 09:05:00,0.16500081857932655
2026/07/31 09:10:00,0.19004801895736187
2026/07/31 09:15:00,0.17496481005907483
2026/07/31 09:20:00,0.17000884062391028
2026/07/31 09:25:00,0.16503176616309137
2026/07/31 09:30:00,0.25824974945256696
2026/07/31 09:35:00,0.16666609964602383
2026/07/31 09:40:00,0.16999717833500694
2026/07/31 09:45:00,0.16496832242253212
2026/07/31 09:50:00,0.1700394396751798
2026/07/31 09:55:00,0.16999675351784094
2026/07/31 10:00:00,0.1716281124774032
2026/07/31 10:05:00,0.1666656899402118
2026/07/31 10:10:00,0.175039945388718
2026/07/31 10:15:00,0.18331473428209213
2026/07/31 10:20:00,0.1732968908914392
2026/07/31 10:25:00,0.16336176398890967
2026/07/31 10:30:00,0.1716233718894133
2026/07/31 10:35:00,0.16670117130905
2026/07/31 10:40:00,0.1683340110100668
2026/07/31 10:45:00,0.16500006907414527
2026/07/31 10:50:00,0.17500120739780237
2026/07/31 10:55:00,0.1633337014221981
2026/07/31 11:00:00,0.17829849163097206
2026/07/31 11:05:00,0.16666956619868337
2026/07/31 11:10:00,0.17166723936228118
2026/07/31 11:15:00,0.1733363576338578
2026/07/31 11:20:00,0.17166577817776102
2026/07/31 11:25:00,0.17003616518862685
2026/07/31 11:30:00,0.17330225386651327
2026/07/31 11:35:00,0.16836965799140882
2026/07/31 11:40:00,0.17830119272010275
2026/07/31 11:45:00,0.16666455573702918
2026/07/31 11:50:00,0.19166841679306063
2026/07/31 11:55:00,0.17003130065629132
2026/07/31 12:00:00,0.1716311826998703
2026/07/31 12:05:00,0.16836670116469304
2026/07/31 12:10:00,0.1716586609495518
2026/07/31 12:15:00,0.1666340161363572
2026/07/31 12:20:00,0.1733681192178362
2026/07/31 12:25:00,0.1616367067063667
2026/07/31 12:30:00,0.16837340573859863
2026/07/31 12:35:00,0.16662755126691817
2026/07/31 12:40:00,0.1883523393796096
2026/07/31 12:45:00,0.1716278435656658
2026/07/31 12:50:00,0.17334166270285065
2026/07/31 12:55:00,0.1616963703602538
2026/07/31 13:00:00,0.17332519501048638
2026/07/31 13:05:00,0.16333181290356774
2026/07/31 13:10:00,0.19166360610149832
2026/07/31 13:15:00,0.1716666667046296
2026/07/31 13:20:00,0.17000527726437098
2026/07/31 13:25:00,0.16500103841725047
2026/07/31 13:30:00,0.1699679865619232
2026/07/31 13:35:00,0.16502910602432444
2026/07/31 13:40:00,0.16995901256180984
2026/07/31 13:45:00,0.16500124393867915
2026/07/31 13:50:00,0.1700080002306747
2026/07/31 13:55:00,0.1633664252202647
2026/07/31 14:00:00,0.16999346789994735
2026/07/31 14:05:00,0.16662920096505698
2026/07/31 14:10:00,0.16834138753218914
2026/07/31 14:15:00,0.17170351633001496
2026/07/31 14:20:00,0.17166673557414527
2026/07/31 14:25:00,0.1633333055736111
2026/07/31 14:30:00,0.19327949950801912
2026/07/31 14:35:00,0.1616967319383187
2026/07/31 14:40:00,0.16999719918915546
2026/07/31 14:45:00,0.16329985379849885
2026/07/31 14:50:00,0.17170847500517789
2026/07/31 14:55:00,0.16499687784992628
2026/07/31 15:00:00,0.1699606279500283
2026/07/31 15:05:00,0.16670073960956294
2026/07/31 15:10:00,0.18998076103968203
2026/07/31 15:15:00,0.16666673231651818
2026/07/31 15:20:00,0.1716611239126607
2026/07/31 15:25:00,0.15999882091374978
2026/07/31 15:30:00,0.17003255904634257
2026/07/31 15:35:00,0.17000007130818495
2026/07/31 15:40:00,0.1699684216139796
2026/07/31 15:45:00,0.16503518631624983
2026/07/31 15:50:00,0.1716562443335185
2026/07/31 15:55:00,0.15999624224423126
2026/07/31 16:00:00,0.17500409225740837
2026/07/31 16:05:00,0.16166623002374844
2026/07/31 16:10:00,0.1699645668664619
2026/07/31 16:15:00,0.16836950570883497
2026/07/31 16:20:00,0.1866731800851433
2026/07/31 16:25:00,0.16663288116296784
2026/07/31 16:30:00,0.16833378893525286
2026/07/31 16:35:00,0.16166725569311485
2026/07/31 16:40:00,0.17168089365061032
2026/07/31 16:45:00,0.16500439720738666
2026/07/31 16:50:00,0.16836704193779717
2026/07/31 16:55:00,0.16163395881050494
2026/07/31 17:00:00,0.17166955101151535
2026/07/31 17:05:00,0.16666854053673474
2026/07/31 17:10:00,0.17166403009864223
2026/07/31 17:15:00,0.1667010046544199
2026/07/31 17:20:00,0.17329244086877635
2026/07/31 17:25:00,0.1616972677064422
2026/07/31 17:30:00,0.1716695989958833
2026/07/31 17:35:00,0.16166892612163916
2026/07/31 17:40:00,0.17162252864175964
2026/07/31 17:45:00,0.16500176163098748
2026/07/31 17:50:00,0.18999347080687015
2026/07/31 17:55:00,0.16503224165402872
2026/07/31 18:00:00,0.17500159402425863
2026/07/31 18:05:00,0.1599672544396331
2026/07/31 18:10:00,0.1750425205926334
2026/07/31 18:15:00,0.16330243424107832
2026/07/31 18:20:00,0.1683413525648442
2026/07/31 18:25:00,0.16499729286869164
2026/07/31 18:30:00,0.16500979523334794
2026/07/31 18:35:00,0.1633650605865501
2026/07/31 18:40:00,0.16999157882363175
2026/07/31 18:45:00,0.15999900781302506
2026/07/31 18:50:00,0.18500825360924134
2026/07/31 18:55:00,0.16663512721040608
2026/07/31 19:00:00,0.17169822721988426
2026/07/31 19:05:00,0.16330169830169824
2026/07/31 19:10:00,0.16833303686003612
2026/07/31 19:15:00,0.16836901834197698
2026/07/31 19:20:00,0.1883042171274098
2026/07/31 19:25:00,0.1616708055693352
2026/07/31 19:30:00,0.1733622405571936
2026/07/31 19:35:00,0.16166512286440296
2026/07/31 19:40:00,0.17167006667006662
2026/07/31 19:45:00,0.16333325016249975
2026/07/31 19:50:00,0.16833339666672995
2026/07/31 19:55:00,0.16496492456140396
2026/07/31 20:00:00,0.17171071964467544
2026/07/31 20:05:00,0.16499838356929658
2026/07/31 20:10:00,0.16833309399069224
2026/07/31 20:15:00,0.1699684650025506
2026/07/31 20:20:00,0.18835564621183382
2026/07/31 20:25:00,0.16670254788174765
2026/07/31 20:30:00,0.1716351705438279
2026/07/31 20:35:00,0.1683255562048133
2026/07/31 20:40:00,0.17166594473147662
2026/07/31 20:45:00,0.16335877066593305
2026/07/31 20:50:00,0.1699601165331529
2026/07/31 20:55:00,0.16170009460657403
2026/07/31 21:00:00,0.17829942268731783
2026/07/31 21:05:00,0.16000024199059243
2026/07/31 21:10:00,0.1717082225650975
2026/07/31 21:15:00,0.16833659571119988
2026/07/31 21:20:00,0.17499999999999996
2026/07/31 21:25:00,0.16666842724370612
2026/07/31 21:30:00,0.17162842414908921
2026/07/31 21:35:00,0.24506398865771956
2026/07/31 21:40:00,0.1850432498085167
2026/07/31 21:45:00,0.17328866407203722
2026/07/31 21:50:00,0.17503470231737264
2026/07/31 21:55:00,0.16496850669521781
2026/07/31 22:00:00,0.17166292574135325
2026/07/31 22:05:00,0.1616656806936129
2026/07/31 22:10:00,0.1933249945584659
2026/07/31 22:15:00,0.16499693011055416
2026/07/31 22:20:00,0.1716707023787623
2026/07/31 22:25:00,0.15999795639239847
2026/07/31 22:30:00,0.16666345012559347
2026/07/31 22:35:00,0.16666518720388623
2026/07/31 22:40:00,0.16503448937681486
2026/07/31 22:45:00,0.16330281555186518
2026/07/31 22:50:00,0.17170709467285902
2026/07/31 22:55:00,0.179946910943999
2026/07/31 23:00:00,0.1716968234375825
2026/07/31 23:05:00,0.17167064781017632
2026/07/31 23:10:00,0.16665965102196711
2026/07/31 23:15:00,0.1633239036765564
2026/07/31 23:20:00,0.1716491901972032
2026/07/31 23:25:00,0.1633623744730353
2026/07/31 23:30:00,0.16999999999999998
2026/07/31 23:35:00,0.16166669448009258
2026/07/31 23:40:00,0.1700022028431531
2026/07/31 23:45:00,0.1650017028546754
2026/07/31 23:50:00,0.1666302272679426
2026/07/31 23:55:00,0.16336661321892237
2026/08/01 00:00:00,0.45989038933892
2026/08/01 00:05:00,0.1882995060412908
2026/08/01 00:10:00,0.16834263085680634
2026/08/01 00:15:00,0.16333837409607782
2026/08/01 00:20:00,0.1666977261534574
2026/08/01 00:25:00,0.1632941778775717
2026/08/01 00:30:00,0.16503615228495722
2026/08/01 00:35:00,0.16666666666666666
2026/08/01 00:40:00,0.16666135172442045
2026/08/01 00:45:00,0.16166667133304374
2026/08/01 00:50:00,0.18995064212718824
2026/08/01 00:55:00,0.17003687346485366
2026/08/01 01:00:00,0.16996819734121588
2026/08/01 01:05:00,0.16837021250255485
2026/08/01 01:10:00,0.17332906544519702
2026/08/01 01:15:00,0.19001685155824374
2026/08/01 01:20:00,0.17663481017018964
2026/08/01 01:25:00,0.16669792525832006
2026/08/01 01:30:00,0.16996789602402965
2026/08/01 01:35:00,0.16500117561117464
2026/08/01 01:40:00,0.17667173276685508
2026/08/01 01:45:00,0.1683678483393926
2026/08/01 01:50:00,0.16829532817979395
2026/08/01 01:55:00,0.1700021485237659
2026/08/01 02:00:00,0.17838025135697647
2026/08/01 02:05:00,0.17167030857669532
2026/08/01 02:10:00,0.171661899761472
2026/08/01 02:15:00,0.16666781236592612
2026/08/01 02:20:00,0.17329343886587295
2026/08/01 02:25:00,0.16166562321858943
2026/08/01 02:30:00,0.16833411796668993
2026/08/01 02:35:00,0.16833571730959757
2026/08/01 02:40:00,0.16667735898123232
2026/08/01 02:45:00,0.1666678416760163
2026/08/01 02:50:00,0.16999900630067383
2026/08/01 02:55:00,0.18499006213975538
2026/08/01 03:00:00,0.1783637298038197
2026/08/01 03:05:00,0.16166468081756397
2026/08/01 03:10:00,0.17332389256024128
2026/08/01 03:15:00,0.1700000666667333
2026/08/01 03:20:00,0.16832668226703107
2026/08/01 03:25:00,0.16163344739722538
2026/08/01 03:30:00,0.1917155746175521
2026/08/01 03:35:00,0.16166495729505354
2026/08/01 03:40:00,0.17163011876192957
2026/08/01 03:45:00,0.16169843487529384
2026/08/01 03:50:00,0.1700000911678482
2026/08/01 03:55:00,0.16663448678278786
2026/08/01 04:00:00,0.16669642848273544
2026/08/01 04:05:00,0.16333573286453973
2026/08/01 04:10:00,0.1716358917305682
2026/08/01 04:15:00,0.16500246011021935
2026/08/01 04:20:00,0.1717053488272082
2026/08/01 04:25:00,0.16166509079816985
2026/08/01 04:30:00,0.1683347072950795
2026/08/01 04:35:00,0.16496734675505303
2026/08/01 04:40:00,0.1700000335354242
2026/08/01 04:45:00,0.16333295620088986
2026/08/01 04:50:00,0.19004582562614245
2026/08/01 04:55:00,0.16333173499840165
2026/08/01 05:00:00,0.17665585607979045
2026/08/01 05:05:00,0.15999895174755024
2026/08/01 05:10:00,0.17000120612172714
2026/08/01 05:15:00,0.16996744010801348
2026/08/01 05:20:00,0.16833395338291535
2026/08/01 05:25:00,0.1833578950327364
2026/08/01 05:30:00,0.17333086846725537
2026/08/01 05:35:00,0.15997220186785854
2026/08/01 05:40:00,0.17333114946939115
2026/08/01 05:45:00,0.16333614848600206
2026/08/01 05:50:00,0.17169939561978542
2026/08/01 05:55:00,0.1699983750711619
2026/08/01 06:00:00,0.16995946681896493
2026/08/01 06:05:00,0.16333173106585436
2026/08/01 06:10:00,0.19166561120462905
2026/08/01 06:15:00,0.16336456620566547
2026/08/01 06:20:00,0.2516712083813185
2026/08/01 06:25:00,0.1649966314035159
2026/08/01 06:30:00,0.274965822113018
2026/08/01 06:35:00,0.16667171396812974
2026/08/01 06:40:00,0.1633326189398768
2026/08/01 06:45:00,0.1633652540437331
2026/08/01 06:50:00,0.1732886745538778
2026/08/01 06:55:00,0.16000100600839318
2026/08/01 07:00:00,0.17337713145370146
2026/08/01 07:05:00,0.16333220187708014
2026/08/01 07:10:00,0.17000109724518295
2026/08/01 07:15:00,0.1649954319648956
2026/08/01 07:20:00,0.186652066528938
2026/08/01 07:25:00,0.16163342996676328
2026/08/01 07:30:00,0.17000730167366473
2026/08/01 07:35:00,0.16333316712036056
2026/08/01 07:40:00,0.17167678240342515
2026/08/01 07:45:00,0.16336626079012123
2026/08/01 07:50:00,0.1666348927651241
2026/08/01 07:55:00,0.16499778622646963
2026/08/01 08:00:00,0.17170087132530468
2026/08/01 08:05:00,0.16499970136070657
2026/08/01 08:10:00,0.171631744917612
2026/08/01 08:15:00,0.16336400185965055
2026/08/01 08:20:00,0.17163511498919828
2026/08/01 08:25:00,0.16169782291996426
2026/08/01 08:30:00,0.16999468781453475
2026/08/01 08:35:00,0.1649952640673856
2026/08/01 08:40:00,0.17166795192108886
2026/08/01 08:45:00,0.2534133274740428
2026/08/01 08:50:00,0.17996758720354988
2026/08/01 08:55:00,0.16169896150143812
2026/08/01 09:00:00,0.17332258069545636
2026/08/01 09:05:00,0.16329676663009995
2026/08/01 09:10:00,0.16670022790234823
2026/08/01 09:15:00,0.1699724220993219
2026/08/01 09:20:00,0.17002965056635969
2026/08/01 09:25:00,0.18494806281921408
2026/08/01 09:30:00,0.17000663537929706
2026/08/01 09:35:00,0.1617000912201492
2026/08/01 09:40:00,0.1733298545873519
2026/08/01 09:45:00,0.1616333443196758
2026/08/01 09:50:00,0.17336667116089227
2026/08/01 09:55:00,0.1633333333333333
2026/08/01 10:00:00,0.1699999833751593
2026/08/01 10:05:00,0.166631587910919
2026/08/01 10:10:00,0.21166772657009378
2026/08/01 10:15:00,0.16500066696481544
2026/08/01 10:20:00,0.17003869170094926
2026/08/01 10:25:00,0.161637376593105
2026/08/01 10:30:00,0.17000498596917296
2026/08/01 10:35:00,0.16503615873125974
2026/08/01 10:40:00,0.16830069675478015
2026/08/01 10:45:00,0.15999678883154436
2026/08/01 10:50:00,0.1700394632170299
2026/08/01 10:55:00,0.16333336113009259
2026/08/01 11:00:00,0.17332349895271768
2026/08/01 11:05:00,0.17834600409767018
2026/08/01 11:10:00,0.17328985921912707
2026/08/01 11:15:00,0.16670065231882605
2026/08/01 11:20:00,0.16996889170093848
2026/08/01 11:25:00,0.1666976752865001
2026/08/01 11:30:00,0.1682956283610085
2026/08/01 11:35:00,0.163361083288193
2026/08/01 11:40:00,0.17166666666666666
2026/08/01 11:45:00,0.1682989275669383
2026/08/01 11:50:00,0.17169790287233547
2026/08/01 11:55:00,0.16829796149189397
2026/08/01 12:00:00,0.16836553174558827
2026/08/01 12:05:00,0.16833999552537057
2026/08/01 12:10:00,0.17163508826305368
2026/08/01 12:15:00,0.17002994385359813
2026/08/01 12:20:00,0.17332690673636078
2026/08/01 12:25:00,0.18663206278957292
2026/08/01 12:30:00,0.171666678266981
2026/08/01 12:35:00,0.16333742455255645
2026/08/01 12:40:00,0.17003062450098302
2026/08/01 12:45:00,0.17163240218347944
2026/08/01 12:50:00,0.1717008369593132
2026/08/01 12:55:00,0.16333220510429114
2026/08/01 13:00:00,0.17332687647660003
2026/08/01 13:05:00,0.1633033211154617
2026/08/01 13:10:00,0.17167118390152747
2026/08/01 13:15:00,0.1683672812250478
2026/08/01 13:20:00,0.17000136757305515
2026/08/01 13:25:00,0.16830020092873185
2026/08/01 13:30:00,0.17003228127041675
2026/08/01 13:35:00,0.16666728778874057
2026/08/01 13:40:00,0.174968178464028
2026/08/01 13:45:00,0.16500173500173496
2026/08/01 13:50:00,0.18837721955955367
2026/08/01 13:55:00,0.1683236876241058
2026/08/01 14:00:00,0.1716567399900733
2026/08/01 14:05:00,0.1682971751470513
2026/08/01 14:10:00,0.16670459674232016
2026/08/01 14:15:00,0.18667315540060495
2026/08/01 14:20:00,0.1732969418786805
2026/08/01 14:25:00,0.1616695130576269
2026/08/01 14:30:00,0.1733709442862465
2026/08/01 14:35:00,0.16830022716795337
2026/08/01 14:40:00,0.16669943428146286
2026/08/01 14:45:00,0.16999456939551197
2026/08/01 14:50:00,0.16999218902607724
2026/08/01 14:55:00,0.1633307100813816
2026/08/01 15:00:00,0.17496717110861454
2026/08/01 15:05:00,0.16336624344797301
2026/08/01 15:10:00,0.1699688639421422
2026/08/01 15:15:00,0.16670288137581385
2026/08/01 15:20:00,0.16663748926850652
2026/08/01 15:25:00,0.16836767171081268
2026/08/01 15:30:00,0.16666611119074057
2026/08/01 15:35:00,0.16333556182537093
2026/08/01 15:40:00,0.17333112056413885
2026/08/01 15:45:00,0.16496567840148058
2026/08/01 15:50:00,0.18670017118218857
2026/08/01 15:55:00,0.1683301566640575
2026/08/01 16:00:00,0.16662499728401037
2026/08/01 16:05:00,0.16836831166294147
2026/08/01 16:10:00,0.17162974167249426
2026/08/01 16:15:00,0.1650306397262502
2026/08/01 16:20:00,0.19166128726139514
2026/08/01 16:25:00,0.16333395780562693
2026/08/01 16:30:00,0.24656780895912106
2026/08/01 16:35:00,0.17332969381864535
2026/08/01 16:40:00,0.16670492888175176
2026/08/01 16:45:00,0.16330277863352358
2026/08/01 16:50:00,0.1716995411706767
2026/08/01 16:55:00,0.1632956511317321
2026/08/01 17:00:00,0.17333703517526158
2026/08/01 17:05:00,0.1650028176981421
2026/08/01 17:10:00,0.17003834401939016
2026/08/01 17:15:00,0.16833536905416202
2026/08/01 17:20:00,0.17162898941710886
2026/08/01 17:25:00,0.16333014848496843
2026/08/01 17:30:00,0.17003406117364464
2026/08/01 17:35:00,0.1632983960942016
2026/08/01 17:40:00,0.1917239845066165
2026/08/01 17:45:00,0.16496783669167842
2026/08/01 17:50:00,0.1683600919790118
2026/08/01 17:55:00,0.16663272670120585
2026/08/01 18:00:00,0.1700017503254782
2026/08/01 18:05:00,0.18334125179580446
2026/08/01 18:10:00,0.17167481785408376
2026/08/01 18:15:00,0.16332351648548776
2026/08/01 18:20:00,0.17000789959840418
2026/08/01 18:25:00,0.16166829842041236
2026/08/01 18:30:00,0.16833450570283723
2026/08/01 18:35:00,0.16670020973891267
2026/08/01 18:40:00,0.16830122667250363
2026/08/01 18:45:00,0.16499892675444378
2026/08/01 18:50:00,0.17502918160032443
2026/08/01 18:55:00,0.16163512059767265
2026/08/01 19:00:00,0.1700307508392132
2026/08/01 19:05:00,0.16666897845422596
2026/08/01 19:10:00,0.1649678085347252
2026/08/01 19:15:00,0.17003574288714282
2026/08/01 19:20:00,0.171659828307621
2026/08/01 19:25:00,0.18332475618044797
2026/08/01 19:30:00,0.16999362009001986
2026/08/01 19:35:00,0.1616667258482034
2026/08/01 19:40:00,0.16663103668374143
2026/08/01 19:45:00,0.16499960243149242
2026/08/01 19:50:00,0.16666678146023955
2026/08/01 19:55:00,0.1650344883372929
2026/08/01 20:00:00,0.1716650116294527
2026/08/01 20:05:00,0.16330056110420008
2026/08/01 20:10:00,0.17170093821445803
2026/08/01 20:15:00,0.1649683073945701
2026/08/01 20:20:00,0.16837443199302413
2026/08/01 20:25:00,0.16830541658372405
2026/08/01 20:30:00,0.17003643138399915
2026/08/01 20:35:00,0.16666719445324088
2026/08/01 20:40:00,0.18666349812826616
2026/08/01 20:45:00,0.16162914848980303
2026/08/01 20:50:00,0.17337768918253738
2026/08/01 20:55:00,0.16333175840378375
2026/08/01 21:00:00,0.16663234504968322
2026/08/01 21:05:00,0.16667000891063916
2026/08/01 21:10:00,0.16667329096873826
2026/08/01 21:15:00,0.17837491231629019
2026/08/01 21:20:00,0.17496298443336014
2026/08/01 21:25:00,0.16336043922051544
2026/08/01 21:30:00,0.17329579054759717
2026/08/01 21:35:00,0.16169799200323295
2026/08/01 21:40:00,0.16830220509286078
2026/08/01 21:45:00,0.16333829740276523
2026/08/01 21:50:00,0.1649998422285259
2026/08/01 21:55:00,0.1633312980084835
2026/08/01 22:00:00,0.1700402116939997
2026/08/01 22:05:00,0.16329790171471287
2026/08/01 22:10:00,0.1683651695889367
2026/08/01 22:15:00,0.166665592819579
2026/08/01 22:20:00,0.16665854740008185
2026/08/01 22:25:00,0.16829955934455718
2026/08/01 22:30:00,0.1666986979403239
2026/08/01 22:35:00,0.1649672544220405
2026/08/01 22:40:00,0.16999673389919284
2026/08/01 22:45:00,0.16166830567176058
2026/08/01 22:50:00,0.17334060697425419
2026/08/01 22:55:00,0.20505198682629916
2026/08/01 23:00:00,0.17495261708846369
2026/08/01 23:05:00,0.17333886047105168
2026/08/01 23:10:00,0.17167329539382015
2026/08/01 23:15:00,0.16666349229271102
2026/08/01 23:20:00,0.1750392139340243
2026/08/01 23:25:00,0.15997059558599647
2026/08/01 23:30:00,0.1716765709188361
2026/08/01 23:35:00,0.1666655688872345
2026/08/01 23:40:00,0.16833590081687672
2026/08/01 23:45:00,0.16333165057343138
2026/08/01 23:50:00,0.1883318056486106
2026/08/01 23:55:00,0.1650018438592471
2026/08/02 00:00:00,0.18338666834809533
2026/08/02 00:05:00,0.18333350806673046
2026/08/02 00:10:00,0.16833650576711728
2026/08/02 00:15:00,0.16999999999999998
2026/08/02 00:20:00,0.16496951212551358
2026/08/02 00:25:00,0.16670396010267355
2026/08/02 00:30:00,0.16833011140644588
2026/08/02 00:35:00,0.16500009651085662
2026/08/02 00:40:00,0.1699629881171613
2026/08/02 00:45:00,0.160028870189936
2026/08/02 00:50:00,0.20163184054420163
2026/08/02 00:55:00,0.16836855938626802
2026/08/02 01:00:00,0.16996450721457182
2026/08/02 01:05:00,0.1650389029005266
2026/08/02 01:10:00,0.16996520995752812
2026/08/02 01:15:00,0.1666683438335314
2026/08/02 01:20:00,0.16836837388058978
2026/08/02 01:25:00,0.16499986120509239
2026/08/02 01:30:00,0.17828613047240024
2026/08/02 01:35:00,0.17500843071095593
2026/08/02 01:40:00,0.1683378599671192
2026/08/02 01:45:00,0.16499887286196818
2026/08/02 01:50:00,0.1767004390998493
2026/08/02 01:55:00,0.16500003040289632
2026/08/02 02:00:00,0.1732955145349303
2026/08/02 02:05:00,0.16836483219961293
2026/08/02 02:10:00,0.16666806783972776
2026/08/02 02:15:00,0.16833334549853307
2026/08/02 02:20:00,0.16666616669351833
2026/08/02 02:25:00,0.16333722903172168
2026/08/02 02:30:00,0.17329843163176498
2026/08/02 02:35:00,0.1599968140556343
2026/08/02 02:40:00,0.17167749002104501
2026/08/02 02:45:00,0.17837529484564318
2026/08/02 02:50:00,0.17663778685964276
2026/08/02 02:55:00,0.44988217768204947
2026/08/02 03:00:00,0.17169692172682716
2026/08/02 03:05:00,0.16330272517130617
2026/08/02 03:10:00,0.20334006950102976
2026/08/02 03:15:00,0.17669845732767603
2026/08/02 03:20:00,0.17663506300353995
2026/08/02 03:25:00,0.16333445118587772
2026/08/02 03:30:00,0.16999931029068138
2026/08/02 03:35:00,0.16169795626351735
2026/08/02 03:40:00,0.17166340792162757
2026/08/02 03:45:00,0.16500337900177156
2026/08/02 03:50:00,0.17167164941268837
2026/08/02 03:55:00,0.16166498416447847
2026/08/02 04:00:00,0.16829379920417414
2026/08/02 04:05:00,0.16503275342828724
2026/08/02 04:10:00,0.1683334234054487
2026/08/02 04:15:00,0.1650028176981421
2026/08/02 04:20:00,0.1733029216343512
2026/08/02 04:25:00,0.15999568083253712
2026/08/02 04:30:00,0.17003358843349434
2026/08/02 04:35:00,0.16666423189561388
2026/08/02 04:40:00,0.17333531850376094
2026/08/02 04:45:00,0.16499726113515936
2026/08/02 04:50:00,0.16999039873547256
2026/08/02 04:55:00,0.18001785841493842
2026/08/02 05:00:00,0.1766264439635406
2026/08/02 05:05:00,0.16002837838011863
2026/08/02 05:10:00,0.168333401131393
2026/08/02 05:15:00,0.16663274247283252
2026/08/02 05:20:00,0.168335065072102
2026/08/02 05:25:00,0.16669016677387816
2026/08/02 05:30:00,0.16998985362012456
2026/08/02 05:35:00,0.1633346016957753
2026/08/02 05:40:00,0.17495708027743145
2026/08/02 05:45:00,0.1650045380790732
2026/08/02 05:50:00,0.1933360644763797
2026/08/02 05:55:00,0.16335798079145208
2026/08/02 06:00:00,0.17166002002502018
2026/08/02 06:05:00,0.16663555838612365
2026/08/02 06:10:00,0.1750012583593975
2026/08/02 06:15:00,0.17000062225340026
2026/08/02 06:20:00,0.19673791102892751
2026/08/02 06:25:00,0.16666188403195664
2026/08/02 06:30:00,0.30666509390457647
2026/08/02 06:35:00,0.1682979500782697
2026/08/02 06:40:00,0.17000128116929045
2026/08/02 06:45:00,0.1683334602109629
2026/08/02 06:50:00,0.17003142071873775
2026/08/02 06:55:00,0.1650017028546754
2026/08/02 07:00:00,0.1749998611504629
2026/08/02 07:05:00,0.1633022927550058
2026/08/02 07:10:00,0.16833514511255915
2026/08/02 07:15:00,0.18998270010354673
2026/08/02 07:20:00,0.16503890300817312
2026/08/02 07:25:00,0.16163271272038843
2026/08/02 07:30:00,0.17336194579845973
2026/08/02 07:35:00,0.16163555944012434
2026/08/02 07:40:00,0.17337432277362655
2026/08/02 07:45:00,0.15833022947117367
2026/08/02 07:50:00,0.17000337359348547
2026/08/02 07:55:00,0.16329956110512572
2026/08/02 08:00:00,0.17004414149858973
2026/08/02 08:05:00,0.16330280735846026
2026/08/02 08:10:00,0.17166650468674738
2026/08/02 08:15:00,0.24499845853364027
2026/08/02 08:20:00,0.1750095350042372
2026/08/02 08:25:00,0.1599989779391266
2026/08/02 08:30:00,0.17000251971933944
2026/08/02 08:35:00,0.1666982522105245
2026/08/02 08:40:00,0.16665831936224343
2026/08/02 08:45:00,0.16497056999724666
2026/08/02 08:50:00,0.19170896691391026
2026/08/02 08:55:00,0.16166508740449143
2026/08/02 09:00:00,0.17163503270657218
2026/08/02 09:05:00,0.16169677763827034
2026/08/02 09:10:00,0.18666764846090475
2026/08/02 09:15:00,0.1699968543876418
2026/08/02 09:20:00,0.16832685882828102
2026/08/02 09:25:00,0.16329721358719218
2026/08/02 09:30:00,0.17336614452966181
2026/08/02 09:35:00,0.16166173835079647
2026/08/02 09:40:00,0.16999849495809483
2026/08/02 09:45:00,0.1616650906276427
2026/08/02 09:50:00,0.1699672544220405
2026/08/02 09:55:00,0.16503269787273167
2026/08/02 10:00:00,0.16829232504092353
2026/08/02 10:05:00,0.15999884326135735
2026/08/02 10:10:00,0.1717085675767875
2026/08/02 10:15:00,0.16500506833840162
2026/08/02 10:20:00,0.16829676695960988
2026/08/02 10:25:00,0.16670340395280348
2026/08/02 10:30:00,0.25171881911198923
2026/08/02 10:35:00,0.18829554921607022
2026/08/02 10:40:00,0.16667376111788718
2026/08/02 10:45:00,0.16333389882556318
2026/08/02 10:50:00,0.17000222855036995
2026/08/02 10:55:00,0.16336778739557498
2026/08/02 11:00:00,0.17163505943086493
2026/08/02 11:05:00,0.16667196027962444
2026/08/02 11:10:00,0.16500428924068905
2026/08/02 11:15:00,0.1716985839409849
2026/08/02 11:20:00,0.16832704589337327
2026/08/02 11:25:00,0.1682989217221205
2026/08/02 11:30:00,0.17336344856364141
2026/08/02 11:35:00,0.1616667824587374
2026/08/02 11:40:00,0.16666564941714
2026/08/02 11:45:00,0.19000994910304805
2026/08/02 11:50:00,0.16829867305517204
2026/08/02 11:55:00,0.16666737008824675
2026/08/02 12:00:00,0.1683655346230234
2026/08/02 12:05:00,0.1633017863330164
2026/08/02 12:10:00,0.17170896620496925
2026/08/02 12:15:00,0.1833317060719291
2026/08/02 12:20:00,0.1716666944634259
2026/08/02 12:25:00,0.1633000380336727
2026/08/02 12:30:00,0.16833785380980676
2026/08/02 12:35:00,0.1633650029352328
2026/08/02 12:40:00,0.16829421947022077
2026/08/02 12:45:00,0.16670132678145427
2026/08/02 12:50:00,0.1749913038694042
2026/08/02 12:55:00,0.16166567834183768
2026/08/02 13:00:00,0.17496004062802983
2026/08/02 13:05:00,0.16666903776139877
2026/08/02 13:10:00,0.17336687234845052
2026/08/02 13:15:00,0.17666390270057145
2026/08/02 13:20:00,0.17166752786713008
2026/08/02 13:25:00,0.16163454538957392
2026/08/02 13:30:00,0.17333278347228123
2026/08/02 13:35:00,0.1616700666876592
2026/08/02 13:40:00,0.17166584129859624
2026/08/02 13:45:00,0.19000141733196713
2026/08/02 13:50:00,0.16499825890076897
2026/08/02 13:55:00,0.16500173336451168
2026/08/02 14:00:00,0.17337935418420242
2026/08/02 14:05:00,0.16166622803149702
2026/08/02 14:10:00,0.1782907178839883
2026/08/02 14:15:00,0.16503171049348436
2026/08/02 14:20:00,0.1749574919885267
2026/08/02 14:25:00,0.16336450392938337
2026/08/02 14:30:00,0.16829176953158226
2026/08/02 14:35:00,0.16500067825587006
2026/08/02 14:40:00,0.17166484115599084
2026/08/02 14:45:00,0.16500222745341514
2026/08/02 14:50:00,0.17167335456288
2026/08/02 14:55:00,0.1800383064464663
2026/08/02 15:00:00,0.1716330069182426
2026/08/02 15:05:00,0.16666954504237566
2026/08/02 15:10:00,0.16669825239342007
2026/08/02 15:15:00,0.16663879375479582
2026/08/02 15:20:00,0.17169990229724488
2026/08/02 15:25:00,0.1649656551254799
2026/08/02 15:30:00,0.17503242242596057
2026/08/02 15:35:00,0.1833401110803341
2026/08/02 15:40:00,0.1699650982984316
2026/08/02 15:45:00,0.1683278482358557
2026/08/02 15:50:00,0.16833877562026303
2026/08/02 15:55:00,0.16336243053037638
2026/08/02 16:00:00,0.1699882960063211
2026/08/02 16:05:00,0.1633350093907237
2026/08/02 16:10:00,0.17000174846552585
2026/08/02 16:15:00,0.1633345130074455
2026/08/02 16:20:00,0.16832737428371164
2026/08/02 16:25:00,0.1649690029074201
2026/08/02 16:30:00,0.16837042476151165
2026/08/02 16:35:00,0.18163539379273258
2026/08/02 16:40:00,0.1766738002484793
2026/08/02 16:45:00,0.16503118218060372
2026/08/02 16:50:00,0.17329399665624792
2026/08/02 16:55:00,0.16166666668425922
2026/08/02 17:00:00,0.1683662303134145
2026/08/02 17:05:00,0.16664101112403332
2026/08/02 17:10:00,0.16666937316050112
2026/08/02 17:15:00,0.16666667996130977
2026/08/02 17:20:00,0.18834935677015321
2026/08/02 17:25:00,0.1633366933016715
2026/08/02 17:30:00,0.1716658952154889
2026/08/02 17:35:00,0.1616640690624233
2026/08/02 17:40:00,0.16669669631474296
2026/08/02 17:45:00,0.16499745008383754
2026/08/02 17:50:00,0.1649689786061655
2026/08/02 17:55:00,0.16667499165666086
2026/08/02 18:00:00,0.17836779928529242
2026/08/02 18:05:00,0.16499449833286858
2026/08/02 18:10:00,0.17329463088938146
2026/08/02 18:15:00,0.16500138321328547
2026/08/02 18:20:00,0.16833728116738111
2026/08/02 18:25:00,0.16836398601694433
2026/08/02 18:30:00,0.16666734225098842
2026/08/02 18:35:00,0.17661610931195576
2026/08/02 18:40:00,0.18000709089273265
2026/08/02 18:45:00,0.16499288191890987
2026/08/02 18:50:00,0.1733645300689202
2026/08/02 18:55:00,0.16329947666278094
2026/08/02 19:00:00,0.16999942829716186
2026/08/02 19:05:00,0.1683389072924947
2026/08/02 19:10:00,0.16833281605191386
2026/08/02 19:15:00,0.1683318658072726
2026/08/02 19:20:00,0.17503770831994217
2026/08/02 19:25:00,0.179966643384076
2026/08/02 19:30:00,0.16833384336374052
2026/08/02 19:35:00,0.16336397510328715
2026/08/02 19:40:00,0.16996784885833144
2026/08/02 19:45:00,0.16836385202497683
2026/08/02 19:50:00,0.1683252715121141
2026/08/02 19:55:00,0.164998449626329
2026/08/02 20:00:00,0.17329833215736323
2026/08/02 20:05:00,0.16336179176715043
2026/08/02 20:10:00,0.17496418321718524
2026/08/02 20:15:00,0.16669957120733717
2026/08/02 20:20:00,0.1683028428954413
2026/08/02 20:25:00,0.16503381053257182
2026/08/02 20:30:00,0.16496653444648918
2026/08/02 20:35:00,0.1650333645486587
2026/08/02 20:40:00,0.1899437247492657
2026/08/02 20:45:00,0.16170378633144866
2026/08/02 20:50:00,0.16832682895604767
2026/08/02 20:55:00,0.1632990404965206
2026/08/02 21:00:00,0.1699982895708872
2026/08/02 21:05:00,0.16333369482269017
2026/08/02 21:10:00,0.1666632269086569
2026/08/02 21:15:00,0.1650329286224746
2026/08/02 21:20:00,0.16832518477077635
2026/08/02 21:25:00,0.16000010007365492
2026/08/02 21:30:00,0.17332969839268964
2026/08/02 21:35:00,0.17834825238691718
2026/08/02 21:40:00,0.17167109064324065
2026/08/02 21:45:00,0.1633030340651152
2026/08/02 21:50:00,0.17003782271498064
2026/08/02 21:55:00,0.16829676340953761
2026/08/02 22:00:00,0.16837460212725186
2026/08/02 22:05:00,0.16667025580013117
2026/08/02 22:10:00,0.17165693664086473
2026/08/02 22:15:00,0.16333015261894385
2026/08/02 22:20:00,0.16832666786140105
2026/08/02 22:25:00,0.16829797970947422
2026/08/02 22:30:00,0.16833417455257169
2026/08/02 22:35:00,0.16670187410610737
2026/08/02 22:40:00,0.186676667163756
2026/08/02 22:45:00,0.16996489727853586
2026/08/02 22:50:00,0.17336525524626806
2026/08/02 22:55:00,0.1866285385891548
2026/08/02 23:00:00,0.17003645145684296
2026/08/02 23:05:00,0.18996755942623506
2026/08/02 23:10:00,0.17170541566759037
2026/08/02 23:15:00,0.24329565723186813
2026/08/02 23:20:00,0.18170789282881855
2026/08/02 23:25:00,0.1650033092035292
2026/08/02 23:30:00,0.17163673399859017
2026/08/02 23:35:00,0.16503361071752543
2026/08/02 23:40:00,0.16829585139087497
2026/08/02 23:45:00,0.17167009887854484
2026/08/02 23:50:00,0.1683645872826241
2026/08/02 23:55:00,0.17166226293627015
2026/08/03 00:00:00,0.18162264102330936
2026/08/03 00:05:00,0.1866991834006184
2026/08/03 00:10:00,0.17165968557548222
2026/08/03 00:15:00,0.16832547424666264
2026/08/03 00:20:00,0.17833669620088824
2026/08/03 00:25:00,0.1633333379997104
2026/08/03 00:30:00,0.16832684642926882
2026/08/03 00:35:00,0.16662832641778444
2026/08/03 00:40:00,0.17000673667340332
2026/08/03 00:45:00,0.16003342799574638
2026/08/03 00:50:00,0.1899919821267461
2026/08/03 00:55:00,0.1649694551007313
2026/08/03 01:00:00,0.17666814281824242
2026/08/03 01:05:00,0.16669623570328942
2026/08/03 01:10:00,0.174963833363827
2026/08/03 01:15:00,0.18834599412895603
2026/08/03 01:20:00,0.16837399174224768
2026/08/03 01:25:00,0.16499895171458034
2026/08/03 01:30:00,0.17329790624936453
2026/08/03 01:35:00,0.1767023475543134
2026/08/03 01:40:00,0.17166575741153714
2026/08/03 01:45:00,0.16499784072496176
2026/08/03 01:50:00,0.17000392445758475
2026/08/03 01:55:00,0.16833831607935507
2026/08/03 02:00:00,0.19497092514905473
2026/08/03 02:05:00,0.16669711035517848
2026/08/03 02:10:00,0.1766270410170042
2026/08/03 02:15:00,0.188325220444653
2026/08/03 02:20:00,0.1716638988984529
2026/08/03 02:25:00,0.16503167166247687
2026/08/03 02:30:00,0.16832840166173496
2026/08/03 02:35:00,0.16666448607925344
2026/08/03 02:40:00,0.1700039811435097
2026/08/03 02:45:00,0.16330392677619504
2026/08/03 02:50:00,0.17166731843922506
2026/08/03 02:55:00,0.16333287114012912
2026/08/03 03:00:00,0.17670271873093527
2026/08/03 03:05:00,0.16666849168580541
2026/08/03 03:10:00,0.17167001040590515
2026/08/03 03:15:00,0.16996730311220287
2026/08/03 03:20:00,0.17003457740585798
2026/08/03 03:25:00,0.1633365989023276
2026/08/03 03:30:00,0.17166673005720007
2026/08/03 03:35:00,0.16163453171651296
2026/08/03 03:40:00,0.17833520313439374
2026/08/03 03:45:00,0.16499954609383918
2026/08/03 03:50:00,0.18999236489163876
2026/08/03 03:55:00,0.16500013059873014
2026/08/03 04:00:00,0.1683323963112359
2026/08/03 04:05:00,0.16333561953013853
2026/08/03 04:10:00,0.17000443153142494
2026/08/03 04:15:00,0.16503491949885757
2026/08/03 04:20:00,0.19334592989415295
2026/08/03 04:25:00,0.16163945404747498
2026/08/03 04:30:00,0.17166708340138792
2026/08/03 04:35:00,0.16836723405436654
2026/08/03 04:40:00,0.1749676992535309
2026/08/03 04:45:00,0.44999950782254994
2026/08/03 04:50:00,0.17169742072243527
2026/08/03 04:55:00,0.16333488290741766
2026/08/03 05:00:00,0.17829738210505655
2026/08/03 05:05:00,0.16333323810640715
2026/08/03 05:10:00,0.17000099691922194
2026/08/03 05:15:00,0.16837004550049045
2026/08/03 05:20:00,0.17166011371801554
2026/08/03 05:25:00,0.16333325018009234
2026/08/03 05:30:00,0.17333157199289626
2026/08/03 05:35:00,0.15996343329676663
2026/08/03 05:40:00,0.17667655004429544
2026/08/03 05:45:00,0.18169608878383445
2026/08/03 05:50:00,0.17165965916419526
2026/08/03 05:55:00,0.1650006735259871
2026/08/03 06:00:00,0.16999193930840945
2026/08/03 06:05:00,0.2750000356091241
2026/08/03 06:10:00,0.17000334224397246
2026/08/03 06:15:00,0.1650006205758054
2026/08/03 06:20:00,0.1699964294325825
2026/08/03 06:25:00,0.1866579878770823
2026/08/03 06:30:00,0.16999413882801262
2026/08/03 06:35:00,0.16666669446249996
2026/08/03 06:40:00,0.16833345018033155
2026/08/03 06:45:00,0.16830004834109447
2026/08/03 06:50:00,0.17004047138438494
2026/08/03 06:55:00,0.1650001179272463
2026/08/03 07:00:00,0.1782948243536094
2026/08/03 07:05:00,0.16336725744243377
2026/08/03 07:10:00,0.17329218959993414
2026/08/03 07:15:00,0.1733283478217352
2026/08/03 07:20:00,0.19167406086367317
2026/08/03 07:25:00,0.2567793816976736
2026/08/03 07:30:00,0.1799644782732348
2026/08/03 07:35:00,0.16503071005973421
2026/08/03 07:40:00,0.1716316729579614
2026/08/03 07:45:00,0.16670173944124894
2026/08/03 07:50:00,0.17663732228949774
2026/08/03 07:55:00,0.1666599680612577
2026/08/03 08:00:00,0.17666620808148956
2026/08/03 08:05:00,0.17169958703106816
2026/08/03 08:10:00,0.1749651528153911
2026/08/03 08:15:00,0.19000898064305125
2026/08/03 08:20:00,0.17666725008472223
2026/08/03 08:25:00,0.16336454170604972
2026/08/03 08:30:00,0.18167009670866657
2026/08/03 08:35:00,0.16333506509664988
2026/08/03 08:40:00,0.17498936122129188
2026/08/03 08:45:00,0.17000679919144646
2026/08/03 08:50:00,0.1733349239845158
2026/08/03 08:55:00,0.17000351113340367
2026/08/03 09:00:00,0.17499168384520203
2026/08/03 09:05:00,0.17163127154947228
2026/08/03 09:10:00,0.17169696020189357
2026/08/03 09:15:00,0.16830120565347223
2026/08/03 09:20:00,0.17336703626737063
2026/08/03 09:25:00,0.16666219840751081
2026/08/03 09:30:00,0.17332505073727655
2026/08/03 09:35:00,0.19167969041286542
2026/08/03 09:40:00,0.1750015895912637
2026/08/03 09:45:00,0.16833167745205363
2026/08/03 09:50:00,0.17496783719938327
2026/08/03 09:55:00,0.1683645963009756
2026/08/03 10:00:00,0.1816179613523337
2026/08/03 10:05:00,0.17000224188991367
2026/08/03 10:10:00,0.17500268274792521
2026/08/03 10:15:00,0.1783684638874973
2026/08/03 10:20:00,0.17499243998187744
2026/08/03 10:25:00,0.16830059002982364
2026/08/03 10:30:00,0.17670192639513535
2026/08/03 10:35:00,0.16666673557414524
2026/08/03 10:40:00,0.17499833065048792
2026/08/03 10:45:00,0.18666199740162798
2026/08/03 10:50:00,0.17829679433699192
2026/08/03 10:55:00,0.17166556894199597
2026/08/03 11:00:00,0.18833611136389747
2026/08/03 11:05:00,0.1783720783808495
2026/08/03 11:10:00,0.17163323011279993
2026/08/03 11:15:00,0.1700328534772105
2026/08/03 11:20:00,0.17498725803637766
2026/08/03 11:25:00,0.16499970450232013
2026/08/03 11:30:00,0.1716592886285255
2026/08/03 11:35:00,0.16830072676416774
2026/08/03 11:40:00,0.24678156727221795
2026/08/03 11:45:00,0.17500477347207874
2026/08/03 11:50:00,0.1749619625036094
2026/08/03 11:55:00,0.16836951465770894
2026/08/03 12:00:00,0.17663013111484785
2026/08/03 12:05:00,0.16666570493835575
2026/08/03 12:10:00,0.17500056960073457
2026/08/03 12:15:00,0.17170505117834972
2026/08/03 12:20:00,0.17666145969435362
2026/08/03 12:25:00,0.19168076108100512
2026/08/03 12:30:00,0.17496335799909654
2026/08/03 12:35:00,0.16833229465003094
2026/08/03 12:40:00,0.1733309112659239
2026/08/03 12:45:00,0.1683686363265323
2026/08/03 12:50:00,0.18166314648618012
2026/08/03 12:55:00,0.17163173063224063
2026/08/03 13:00:00,0.17669935933476658
2026/08/03 13:05:00,0.17329722946734846
2026/08/03 13:10:00,0.17166753632314688
2026/08/03 13:15:00,0.1749988744451048
2026/08/03 13:20:00,0.17000858180603423
2026/08/03 13:25:00,0.17003553312980152
2026/08/03 13:30:00,0.1732983154262351
2026/08/03 13:35:00,0.18831666578224387
2026/08/03 13:40:00,0.1733350041238728
2026/08/03 13:45:00,0.16836639471808842
2026/08/03 13:50:00,0.17333501287737546
2026/08/03 13:55:00,0.16666846420380252
2026/08/03 14:00:00,0.1716300488137558
2026/08/03 14:05:00,0.17003442400910884
2026/08/03 14:10:00,0.17665749191118607
2026/08/03 14:15:00,0.16833780247959812
2026/08/03 14:20:00,0.17663524094899644
2026/08/03 14:25:00,0.16500006125931846
2026/08/03 14:30:00,0.17503238961695405
2026/08/03 14:35:00,0.16996614481020905
2026/08/03 14:40:00,0.18999334519826974
2026/08/03 14:45:00,0.17666734805186005
2026/08/03 14:50:00,0.17333450900006633
2026/08/03 14:55:00,0.16836678350049927
2026/08/03 15:00:00,0.1766245004619105
2026/08/03 15:05:00,0.16999937328308876
2026/08/03 15:10:00,0.17670669999959826
2026/08/03 15:15:00,0.1683000611153111
2026/08/03 15:20:00,0.17333277802777206
2026/08/03 15:25:00,0.16669729555902685
2026/08/03 15:30:00,0.19162606515232836
2026/08/03 15:35:00,0.1683639900039343
2026/08/03 15:40:00,0.17000006546210467
2026/08/03 15:45:00,0.16830065005172837
2026/08/03 15:50:00,0.17670767921789754
2026/08/03 15:55:00,0.16329948307064698
2026/08/03 16:00:00,0.17504147294374278
2026/08/03 16:05:00,0.16833405216150826
2026/08/03 16:10:00,0.16666453627836217
2026/08/03 16:15:00,0.17329407217627615
2026/08/03 16:20:00,0.17333233344629226
2026/08/03 16:25:00,0.16837240764723577
2026/08/03 16:30:00,0.1949804855142002
2026/08/03 16:35:00,0.1683346778908088
2026/08/03 16:40:00,0.17666351105271705
2026/08/03 16:45:00,0.16666456608181232
2026/08/03 16:50:00,0.17333572846012452
2026/08/03 16:55:00,0.1666346130524379
2026/08/03 17:00:00,0.1783757194249988
2026/08/03 17:05:00,0.18665171945548154
2026/08/03 17:10:00,0.176634537911308
2026/08/03 17:15:00,0.17336890436894267
2026/08/03 17:20:00,0.17828794268767728
2026/08/03 17:25:00,0.16833626959826736
2026/08/03 17:30:00,0.17000171877148879
2026/08/03 17:35:00,0.17003626616735093
2026/08/03 17:40:00,0.16666006666006664
2026/08/03 17:45:00,0.16999962999194856
2026/08/03 17:50:00,0.16830025747833252
2026/08/03 17:55:00,0.16669890039140564
2026/08/03 18:00:00,0.17496611765419204
2026/08/03 18:05:00,0.16833295186477804
2026/08/03 18:10:00,0.1700332950495378
2026/08/03 18:15:00,0.1716639278036779
2026/08/03 18:20:00,0.16996048576541686
2026/08/03 18:25:00,0.1683300774286604
2026/08/03 18:30:00,0.16837302102738966
2026/08/03 18:35:00,0.16996559056688787
2026/08/03 18:40:00,0.1700345182292105
2026/08/03 18:45:00,0.18495311709854753
2026/08/03 18:50:00,0.25677395076605825
2026/08/03 18:55:00,0.17329822944790524
2026/08/03 19:00:00,0.17500671224794367
2026/08/03 19:05:00,0.1716990744753876
2026/08/03 19:10:00,0.16999601012280915
2026/08/03 19:15:00,0.18663349302700194
2026/08/03 19:20:00,0.1733757161630681
2026/08/03 19:25:00,0.1649968756802454
2026/08/03 19:30:00,0.17165863585291324
2026/08/03 19:35:00,0.16666501260977953
2026/08/03 19:40:00,0.16662898139465612
2026/08/03 19:45:00,0.1683661244321441
2026/08/03 19:50:00,0.17166002712647274
2026/08/03 19:55:00,0.16496954311762152
2026/08/03 20:00:00,0.1749925091380123
2026/08/03 20:05:00,0.17669950290004705
2026/08/03 20:10:00,0.17830065448099525
2026/08/03 20:15:00,0.16500050374856737
2026/08/03 20:20:00,0.16833256027470905
2026/08/03 20:25:00,0.163362901222519
2026/08/03 20:30:00,0.171632866007304
2026/08/03 20:35:00,0.24007368749379765
2026/08/03 20:40:00,0.17000830363790173
2026/08/03 20:45:00,0.1650333117073846
2026/08/03 20:50:00,0.1716574421088124
2026/08/03 20:55:00,0.16163180501542823
2026/08/03 21:00:00,0.1683754349504675
2026/08/03 21:05:00,0.16330726231656978
2026/08/03 21:10:00,0.16666843609476648
2026/08/03 21:15:00,0.16836614337431804
2026/08/03 21:20:00,0.17162501390235546
2026/08/03 21:25:00,0.16336351386802364
2026/08/03 21:30:00,0.17165723971192873
2026/08/03 21:35:00,0.1633345700958293
2026/08/03 21:40:00,0.1649900224857032
2026/08/03 21:45:00,0.16499768067347553
2026/08/03 21:50:00,0.18494581941222754
2026/08/03 21:55:00,0.17000487073739132
2026/08/03 22:00:00,0.17333065399693154
2026/08/03 22:05:00,0.1666684544942974
2026/08/03 22:10:00,0.17334146528349753
2026/08/03 22:15:00,0.16503173943862917
2026/08/03 22:20:00,0.16663784360356101
2026/08/03 22:25:00,0.1649998381670701
2026/08/03 22:30:00,0.16833269457916383
2026/08/03 22:35:00,0.16836674455233808
2026/08/03 22:40:00,0.16496303941175866
2026/08/03 22:45:00,0.16503001843476595
2026/08/03 22:50:00,0.1716707421996767
2026/08/03 22:55:00,0.20498705325692562
2026/08/03 23:00:00,0.16999167075203891
2026/08/03 23:05:00,0.1716701300034633
2026/08/03 23:10:00,0.16662690649800832
2026/08/03 23:15:00,0.1683348638772354
2026/08/03 23:20:00,0.16667087686212007
2026/08/03 23:25:00,0.1566939817289043
2026/08/03 23:30:00,0.15663740114676192
2026/08/03 23:35:00,0.16002914696792916
2026/08/03 23:40:00,0.17162424623610248
2026/08/03 23:45:00,0.16666730573564847
2026/08/03 23:50:00,0.17003946212129709
2026/08/03 23:55:00,0.18332326917545802
2026/08/04 00:00:00,0.18000000007407407
2026/08/04 00:05:00,0.1899852302670622
2026/08/04 00:10:00,0.18666579056599442
2026/08/04 00:15:00,0.16836343319795943
2026/08/04 00:20:00,0.17333168051490175
2026/08/04 00:25:00,0.18333503507525656
2026/08/04 00:30:00,0.16996129337051108
2026/08/04 00:35:00,0.16333512520363486
2026/08/04 00:40:00,0.16666772953034897
2026/08/04 00:45:00,0.1650034856327416
2026/08/04 00:50:00,0.17003571682803517
2026/08/04 00:55:00,0.1599678404416037
2026/08/04 01:00:00,0.17169772511486137
2026/08/04 01:05:00,0.16496621219655574
2026/08/04 01:10:00,0.16834059779331084
2026/08/04 01:15:00,0.1683339768983217
2026/08/04 01:20:00,0.16833007120314067
2026/08/04 01:25:00,0.1650311140018984
2026/08/04 01:30:00,0.1733017241663266
2026/08/04 01:35:00,0.16503284778380975
2026/08/04 01:40:00,0.17162391088216314
2026/08/04 01:45:00,0.16833372247407402
2026/08/04 01:50:00,0.17170343800770962
2026/08/04 01:55:00,0.18494755715724703
2026/08/04 02:00:00,0.17499854294287648
2026/08/04 02:05:00,0.1716977717624773
2026/08/04 02:10:00,0.16999475365609512
2026/08/04 02:15:00,0.1683345729759907
2026/08/04 02:20:00,0.1766385749345126
2026/08/04 02:25:00,0.18835651158256464
2026/08/04 02:30:00,0.1733397987797705
2026/08/04 02:35:00,0.18500155565370763
2026/08/04 02:40:00,0.1683634574342677
2026/08/04 02:45:00,0.1683351252495831
2026/08/04 02:50:00,0.1716573882843894
2026/08/04 02:55:00,0.1633355916940722
2026/08/04 03:00:00,0.17996861199092645
2026/08/04 03:05:00,0.17004001666890262
2026/08/04 03:10:00,0.1949584583125416
2026/08/04 03:15:00,0.17003450726605335
2026/08/04 03:20:00,0.17165896066766717
2026/08/04 03:25:00,0.1666359040862248
2026/08/04 03:30:00,0.16667182090564717
2026/08/04 03:35:00,0.1650001823717531
2026/08/04 03:40:00,0.17167341473471037
2026/08/04 03:45:00,0.1633366773010549
2026/08/04 03:50:00,0.1666784965038075
2026/08/04 03:55:00,0.16503445056155247
2026/08/04 04:00:00,0.169961943747128
2026/08/04 04:05:00,0.171661819292998
2026/08/04 04:10:00,0.16666561841421687
2026/08/04 04:15:00,0.18665934390319755
2026/08/04 04:20:00,0.17167062816963524
2026/08/04 04:25:00,0.16000105561018635
2026/08/04 04:30:00,0.17503599895313005
2026/08/04 04:35:00,0.17166329238119798
2026/08/04 04:40:00,0.1699661644926424
2026/08/04 04:45:00,0.16833423251516297
2026/08/04 04:50:00,0.1750111567697995
2026/08/04 04:55:00,0.16166936778930857
2026/08/04 05:00:00,0.17670947440685142
2026/08/04 05:05:00,0.16500176513245668
2026/08/04 05:10:00,0.18662460663261743
2026/08/04 05:15:00,0.17166483753989437
2026/08/04 05:20:00,0.17002903906221556
2026/08/04 05:25:00,0.1666275143257228
2026/08/04 05:30:00,0.17333991415679645
2026/08/04 05:35:00,0.16499986161805363
2026/08/04 05:40:00,0.17333183142678843
2026/08/04 05:45:00,0.16833068834703774
2026/08/04 05:50:00,0.17333470563238298
2026/08/04 05:55:00,0.16336810313257197
2026/08/04 06:00:00,0.17166307699509528
2026/08/04 06:05:00,0.16833682476625766
2026/08/04 06:10:00,0.16999688433187712
2026/08/04 06:15:00,0.169967371348487
2026/08/04 06:20:00,0.17167358301013222
2026/08/04 06:25:00,0.16836714238662437
2026/08/04 06:30:00,0.1716648745196017
2026/08/04 06:35:00,0.26999672999672997
2026/08/04 06:40:00,0.19167945189758254
2026/08/04 06:45:00,0.16666664675634718
2026/08/04 06:50:00,0.16833012999679664
2026/08/04 06:55:00,0.1666362628036137
2026/08/04 07:00:00,0.17166895745122204
2026/08/04 07:05:00,0.16837270993646408
2026/08/04 07:10:00,0.17496231365059195
2026/08/04 07:15:00,0.16666672225925921
2026/08/04 07:20:00,0.17167013666863112
2026/08/04 07:25:00,0.19001737780549724
2026/08/04 07:30:00,0.1716975873076229
2026/08/04 07:35:00,0.1666289351325076
2026/08/04 07:40:00,0.16999959124535496
2026/08/04 07:45:00,0.1667028766521661
2026/08/04 07:50:00,0.1716267153891538
2026/08/04 07:55:00,0.16333901755247687
2026/08/04 08:00:00,0.24337098030873405
2026/08/04 08:05:00,0.17999528048281074
2026/08/04 08:10:00,0.17167001113302954
2026/08/04 08:15:00,0.1699965644264739
2026/08/04 08:20:00,0.19161408909654978
2026/08/04 08:25:00,0.16836287558933857
2026/08/04 08:30:00,0.17167000891063916
2026/08/04 08:35:00,0.1683283074003903
2026/08/04 08:40:00,0.17166012647613704
2026/08/04 08:45:00,0.1650001222408074
2026/08/04 08:50:00,0.1716682974663497
2026/08/04 08:55:00,0.16663553062732736
2026/08/04 09:00:00,0.17167332612980382
2026/08/04 09:05:00,0.16666228065432762
2026/08/04 09:10:00,0.18667212622707915
2026/08/04 09:15:00,0.16670064561839687
2026/08/04 09:20:00,0.17328524073925866
2026/08/04 09:25:00,0.16166510703126055
2026/08/04 09:30:00,0.17170638187489112
2026/08/04 09:35:00,0.17165627030878566
2026/08/04 09:40:00,0.16830192194771507
2026/08/04 09:45:00,0.16503808263904152
2026/08/04 09:50:00,0.17165959240817602
2026/08/04 09:55:00,0.16163223943669275
2026/08/04 10:00:00,0.18832496360429682
2026/08/04 10:05:00,0.16837238631073922
2026/08/04 10:10:00,0.16995608311735197
2026/08/04 10:15:00,0.1683689510366994
2026/08/04 10:20:00,0.17000527946437866
2026/08/04 10:25:00,0.1649994861773789
2026/08/04 10:30:00,0.44362111961423095
2026/08/04 10:35:00,0.18498084369138015
2026/08/04 10:40:00,0.17163401940906123
2026/08/04 10:45:00,0.16169955710641135
2026/08/04 10:50:00,0.17499145702634133
2026/08/04 10:55:00,0.1616322578308506
2026/08/04 11:00:00,0.17337183453267518
2026/08/04 11:05:00,0.1650010833865752
2026/08/04 11:10:00,0.16496959883037077
2026/08/04 11:15:00,0.16833313429215307
2026/08/04 11:20:00,0.17169710326284077
2026/08/04 11:25:00,0.16163272888121127
2026/08/04 11:30:00,0.17333562207514458
2026/08/04 11:35:00,0.16000281379487397
2026/08/04 11:40:00,0.16836909069482955
2026/08/04 11:45:00,0.1599712891624538
2026/08/04 11:50:00,0.17166887918773283
2026/08/04 11:55:00,0.1650384334215402
2026/08/04 12:00:00,0.2082893359677956
2026/08/04 12:05:00,0.16500231741803023
2026/08/04 12:10:00,0.16834216404837596
2026/08/04 12:15:00,0.1650328794593077
2026/08/04 12:20:00,0.1699605309231766
2026/08/04 12:25:00,0.16000052785694455
2026/08/04 12:30:00,0.17000176163098746
2026/08/04 12:35:00,0.16669889496784637
2026/08/04 12:40:00,0.16663511829255112
2026/08/04 12:45:00,0.166662348923433
2026/08/04 12:50:00,0.16833901853403455
2026/08/04 12:55:00,0.16336551832148424
2026/08/04 13:00:00,0.16999482533179489
2026/08/04 13:05:00,0.16329942563552818
2026/08/04 13:10:00,0.2467357384677853
2026/08/04 13:15:00,0.17503341828743377
2026/08/04 13:20:00,0.16830117267574424
2026/08/04 13:25:00,0.16503401550519375
2026/08/04 13:30:00,0.18833519521939668
2026/08/04 13:35:00,0.16333518506877348
2026/08/04 13:40:00,0.16998970407131592
2026/08/04 13:45:00,0.1632994788807483
2026/08/04 13:50:00,0.17337583766640116
2026/08/04 13:55:00,0.16000295537792253
2026/08/04 14:00:00,0.17167076685056287
2026/08/04 14:05:00,0.18665283570141797
2026/08/04 14:10:00,0.16995876499572202
2026/08/04 14:15:00,0.1733381864836488
2026/08/04 14:20:00,0.1716660960362668
2026/08/04 14:25:00,0.1666937192072349
2026/08/04 14:30:00,0.17166486554583468
2026/08/04 14:35:00,0.16163228442750743
2026/08/04 14:40:00,0.1733355685440287
2026/08/04 14:45:00,0.1616645116362808
2026/08/04 14:50:00,0.17000356485698892
2026/08/04 14:55:00,0.16500310122758316
2026/08/04 15:00:00,0.17003693838132283
2026/08/04 15:05:00,0.16330589661047118
2026/08/04 15:10:00,0.1733678390440178
2026/08/04 15:15:00,0.1666667355741453
2026/08/04 15:20:00,0.17499486967694222
2026/08/04 15:25:00,0.16166508483817293
2026/08/04 15:30:00,0.16828824683291682
2026/08/04 15:35:00,0.16500182166450833
2026/08/04 15:40:00,0.1699937936734152
2026/08/04 15:45:00,0.18998999764707136
2026/08/04 15:50:00,0.16834489823304524
2026/08/04 15:55:00,0.16500135197418503
2026/08/04 16:00:00,0.17500498072103665
2026/08/04 16:05:00,0.16170231400903895
2026/08/04 16:10:00,0.16829884275746712
2026/08/04 16:15:00,0.16670651293370112
2026/08/04 16:20:00,0.1733367911332036
2026/08/04 16:25:00,0.1766803014798338
2026/08/04 16:30:00,0.17162242126924113
2026/08/04 16:35:00,0.15999840160831696
2026/08/04 16:40:00,0.17000131736767782
2026/08/04 16:45:00,0.16333122857939797
2026/08/04 16:50:00,0.1733693860830945
2026/08/04 16:55:00,0.1599957795755005
2026/08/04 17:00:00,0.16999143986429044
2026/08/04 17:05:00,0.16499888892592468
2026/08/04 17:10:00,0.1666693673281757
2026/08/04 17:15:00,0.1666655706372106
2026/08/04 17:20:00,0.1683334334995711
2026/08/04 17:25:00,0.15829842174359907
2026/08/04 17:30:00,0.17166981665220135
2026/08/04 17:35:00,0.16000191614359685
2026/08/04 17:40:00,0.18999776812770744
2026/08/04 17:45:00,0.16500703126676702
2026/08/04 17:50:00,0.17003261942134262
2026/08/04 17:55:00,0.1633403646001004
2026/08/04 18:00:00,0.1716581501271763
2026/08/04 18:05:00,0.16163282327030362
2026/08/04 18:10:00,0.17000065760242714
2026/08/04 18:15:00,0.16169934055012145
2026/08/04 18:20:00,0.1716278052297422
2026/08/04 18:25:00,0.1783749111619534
2026/08/04 18:30:00,0.16998844617403971
2026/08/04 18:35:00,0.16499673334858517
2026/08/04 18:40:00,0.16500295436282952
2026/08/04 18:45:00,0.16333396013974572
2026/08/04 18:50:00,0.16663232545346932
2026/08/04 18:55:00,0.16336959419241112
2026/08/04 19:00:00,0.169999986511651
2026/08/04 19:05:00,0.15996728277740524
2026/08/04 19:10:00,0.1716646109854702
2026/08/04 19:15:00,0.17000676943382934
2026/08/04 19:20:00,0.1683305433198619
2026/08/04 19:25:00,0.16500516180438968
2026/08/04 19:30:00,0.16669811618469885
2026/08/04 19:35:00,0.16166898252366863
2026/08/04 19:40:00,0.19160860121203144
2026/08/04 19:45:00,0.16003278386599468
2026/08/04 19:50:00,0.1716283281182827
2026/08/04 19:55:00,0.1600004723032408
2026/08/04 20:00:00,0.17336889762179955
2026/08/04 20:05:00,0.1649695468125881
2026/08/04 20:10:00,0.18332619677937034
2026/08/04 20:15:00,0.16665951543201576
2026/08/04 20:20:00,0.1700445630877349
2026/08/04 20:25:00,0.161668488331175
2026/08/04 20:30:00,0.1699949838462041
2026/08/04 20:35:00,0.16496732720406082
2026/08/04 20:40:00,0.170036278822071
2026/08/04 20:45:00,0.16496786499614255
2026/08/04 20:50:00,0.16837178967134142
2026/08/04 20:55:00,0.16333072341550997
2026/08/04 21:00:00,0.1666666555569377
2026/08/04 21:05:00,0.17666522228888726
2026/08/04 21:10:00,0.1816336189118704
2026/08/04 21:15:00,0.16500523963707622
2026/08/04 21:20:00,0.16999667895791945
2026/08/04 21:25:00,0.1583661614628359
2026/08/04 21:30:00,0.16829432005196848
2026/08/04 21:35:00,0.16336556059766133
2026/08/04 21:40:00,0.1666337822187997
2026/08/04 21:45:00,0.16169737847158056
2026/08/04 21:50:00,0.1683035776899705
2026/08/04 21:55:00,0.16000235385763145
2026/08/04 22:00:00,0.17000833134103935
2026/08/04 22:05:00,0.15836501251134022
2026/08/04 22:10:00,0.16665970668492752
2026/08/04 22:15:00,0.1666649883458348
2026/08/04 22:20:00,0.16666067881780075
2026/08/04 22:25:00,0.16496457386278662
2026/08/04 22:30:00,0.18503509176275143
2026/08/04 22:35:00,0.16663447716027574
2026/08/04 22:40:00,0.17333606422728381
2026/08/04 22:45:00,0.16170015296712048
2026/08/04 22:50:00,0.1683301268130649
2026/08/04 22:55:00,0.18664189791521274
2026/08/04 23:00:00,0.16999841608904703
2026/08/04 23:05:00,0.17167012446653693
2026/08/04 23:10:00,0.16500115097738727
2026/08/04 23:15:00,0.16663111081286724
2026/08/04 23:20:00,0.18999899924411884
2026/08/04 23:25:00,0.16000182603914417
2026/08/04 23:30:00,0.17004029018868136
2026/08/04 23:35:00,0.1633312850006123
2026/08/04 23:40:00,0.16499942767294337
2026/08/04 23:45:00,0.16666669446249996
2026/08/04 23:50:00,0.16665849586271103
2026/08/04 23:55:00,0.1616667321287713
2026/08/05 00:00:00,0.18166680999182466
2026/08/05 00:05:00,0.18660837391169874
2026/08/05 00:10:00,0.16833329353362667
2026/08/05 00:15:00,0.16837001284757894
2026/08/05 00:20:00,0.16997010696661277
2026/08/05 00:25:00,0.16503521956679987
2026/08/05 00:30:00,0.1666666666666666
2026/08/05 00:35:00,0.16833286582248722
2026/08/05 00:40:00,0.16496249212743264
2026/08/05 00:45:00,0.19003724070471165
2026/08/05 00:50:00,0.18163059053910868
2026/08/05 00:55:00,0.16337124683401463
2026/08/05 01:00:00,0.17166662682229805
2026/08/05 01:05:00,0.16663400516351126
2026/08/05 01:10:00,0.16666745560469748
2026/08/05 01:15:00,0.1733343775634933
2026/08/05 01:20:00,0.16833573386385803
2026/08/05 01:25:00,0.1633656294495853
2026/08/05 01:30:00,0.1699965734930717
2026/08/05 01:35:00,0.16666336458906666
2026/08/05 01:40:00,0.17667207775430474
2026/08/05 01:45:00,0.1833411874230502
2026/08/05 01:50:00,0.17000175836680503
2026/08/05 01:55:00,0.1666666512120968
2026/08/05 02:00:00,0.1733276395110795
2026/08/05 02:05:00,0.16833515752650338
2026/08/05 02:10:00,0.17163345154254694
2026/08/05 02:15:00,0.16836842074289632
2026/08/05 02:20:00,0.17496445525258245
2026/08/05 02:25:00,0.16336394672493756
2026/08/05 02:30:00,0.16999363275070103
2026/08/05 02:35:00,0.16666554050785415
2026/08/05 02:40:00,0.16830064490768853
2026/08/05 02:45:00,0.16669845723537235
2026/08/05 02:50:00,0.17162777217450156
2026/08/05 02:55:00,0.18166765698289536
2026/08/05 03:00:00,0.17837657377282193
2026/08/05 03:05:00,0.1616671666935186
2026/08/05 03:10:00,0.17333624018171737
2026/08/05 03:15:00,0.17166609714568576
2026/08/05 03:20:00,0.16829598243188124
2026/08/05 03:25:00,0.1766988383921066
2026/08/05 03:30:00,0.17999657125380542
2026/08/05 03:35:00,0.15999950647043423
2026/08/05 03:40:00,0.16995924921260522
2026/08/05 03:45:00,0.16666559606340972
2026/08/05 03:50:00,0.16837419355875943
2026/08/05 03:55:00,0.16329992564386164
2026/08/05 04:00:00,0.17000280314300925
2026/08/05 04:05:00,0.16336667227364443
2026/08/05 04:10:00,0.16999571626860507
2026/08/05 04:15:00,0.16663362065006906
2026/08/05 04:20:00,0.19166554290897098
2026/08/05 04:25:00,0.163367952139743
2026/08/05 04:30:00,0.1682972040179033
2026/08/05 04:35:00,0.16833909951246254
2026/08/05 04:40:00,0.16833115165351376
2026/08/05 04:45:00,0.16836960746826019
2026/08/05 04:50:00,0.1716597705198139
2026/08/05 04:55:00,0.16499947224953684
2026/08/05 05:00:00,0.17832110215590283
2026/08/05 05:05:00,0.183327767411181
2026/08/05 05:10:00,0.16663188488964986
2026/08/05 05:15:00,0.16670457907614128
2026/08/05 05:20:00,0.16833342988281014
2026/08/05 05:25:00,0.16996166586151254
2026/08/05 05:30:00,0.16503074002293644
2026/08/05 05:35:00,0.16500403893997515
2026/08/05 05:40:00,0.2916320060535213
2026/08/05 05:45:00,0.3267072554527773
2026/08/05 05:50:00,0.17166615452831654
2026/08/05 05:55:00,0.15999954430434932
2026/08/05 06:00:00,0.17000129117044294
2026/08/05 06:05:00,0.2765494833996135
2026/08/05 06:10:00,0.16833567956995477
2026/08/05 06:15:00,0.17163452310039445
2026/08/05 06:20:00,0.17666757302603803
2026/08/05 06:25:00,0.18833296366401697
2026/08/05 06:30:00,0.17170977752741048
2026/08/05 06:35:00,0.15996448920356338
2026/08/05 06:40:00,0.16837069239920638
2026/08/05 06:45:00,0.16166673429266473
2026/08/05 06:50:00,0.16665624152145586
2026/08/05 06:55:00,0.1649691164018819
2026/08/05 07:00:00,0.16837295737066307
2026/08/05 07:05:00,0.16333340315841027
2026/08/05 07:10:00,0.16829373535172926
2026/08/05 07:15:00,0.20669401308036264
2026/08/05 07:20:00,0.1766666666666666
2026/08/05 07:25:00,0.16496681160028015
2026/08/05 07:30:00,0.16833635274730913
2026/08/05 07:35:00,0.1683631943037973
2026/08/05 07:40:00,0.16996095537338549
2026/08/05 07:45:00,0.17003794608684647
2026/08/05 07:50:00,0.17163433841999756
2026/08/05 07:55:00,0.1650328412122795
2026/08/05 08:00:00,0.17833224325452993
2026/08/05 08:05:00,0.16330175712541778
2026/08/05 08:10:00,0.1666966312476493
2026/08/05 08:15:00,0.17166134730017846
2026/08/05 08:20:00,0.17500007235373868
2026/08/05 08:25:00,0.16500122226296426
2026/08/05 08:30:00,0.16996446499047013
2026/08/05 08:35:00,0.16666790512044605
2026/08/05 08:40:00,0.1716719632159201
2026/08/05 08:45:00,0.16500130050927037
2026/08/05 08:50:00,0.17334088165998118
2026/08/05 08:55:00,0.17333783440535272
2026/08/05 09:00:00,0.1783664489608922
2026/08/05 09:05:00,0.16833244086749505
2026/08/05 09:10:00,0.16833015599253404
2026/08/05 09:15:00,0.1699645251591661
2026/08/05 09:20:00,0.16837238858568174
2026/08/05 09:25:00,0.16496619008324248
2026/08/05 09:30:00,0.17337239212735228
2026/08/05 09:35:00,0.16330243651886087
2026/08/05 09:40:00,0.1666994707556672
2026/08/05 09:45:00,0.24999432596361584
2026/08/05 09:50:00,0.19659713760869496
2026/08/05 09:55:00,0.1667087724443514
2026/08/05 10:00:00,0.16996897507269776
2026/08/05 10:05:00,0.17002285108436044
2026/08/05 10:10:00,0.1732983695188146
2026/08/05 10:15:00,0.16336510283050512
2026/08/05 10:20:00,0.17995261549281588
2026/08/05 10:25:00,0.16333337616782953
2026/08/05 10:30:00,0.17003399228513477
2026/08/05 10:35:00,0.16496955877359945
2026/08/05 10:40:00,0.1900072221015883
2026/08/05 10:45:00,0.24999429163252002
2026/08/05 10:50:00,0.1700420839551316
2026/08/05 10:55:00,0.16333333333333327
2026/08/05 11:00:00,0.1716253603120014
2026/08/05 11:05:00,0.16336551820833609
2026/08/05 11:10:00,0.17166208145758108
2026/08/05 11:15:00,0.16496574923969023
2026/08/05 11:20:00,0.1717080026198892
2026/08/05 11:25:00,0.16330166782330663
2026/08/05 11:30:00,0.17003989983575588
2026/08/05 11:35:00,0.18328434808302058
2026/08/05 11:40:00,0.17167334818421204
2026/08/05 11:45:00,0.1616898104745928
2026/08/05 11:50:00,0.17329195233674446
2026/08/05 11:55:00,0.16169729791186602
2026/08/05 12:00:00,0.17166898386246912
2026/08/05 12:05:00,0.16830071850581318
2026/08/05 12:10:00,0.16669936727293913
2026/08/05 12:15:00,0.1700017662837579
2026/08/05 12:20:00,0.16829221901280958
2026/08/05 12:25:00,0.16166556729739487
2026/08/05 12:30:00,0.19002828556837872
2026/08/05 12:35:00,0.1649650095537156
2026/08/05 12:40:00,0.16833796412487834
2026/08/05 12:45:00,0.24336956400116874
2026/08/05 12:50:00,0.174999536618363
2026/08/05 12:55:00,0.16833051437765717
2026/08/05 13:00:00,0.16832408390806344
2026/08/05 13:05:00,0.16662933614008785
2026/08/05 13:10:00,0.1700333956086745
2026/08/05 13:15:00,0.16499879502029594
2026/08/05 13:20:00,0.17500076635319856
2026/08/05 13:25:00,0.17329163866395697
2026/08/05 13:30:00,0.17834450283747783
2026/08/05 13:35:00,0.16503735631945954
2026/08/05 13:40:00,0.16833338896111114
2026/08/05 13:45:00,0.1683334045185945
2026/08/05 13:50:00,0.1683300277149315
2026/08/05 13:55:00,0.16329604641015055
2026/08/05 14:00:00,0.1733671588655916
2026/08/05 14:05:00,0.16163749502074776
2026/08/05 14:10:00,0.1699934688441625
2026/08/05 14:15:00,0.1667028985585653
2026/08/05 14:20:00,0.18666818410289127
2026/08/05 14:25:00,0.16663118493508494
2026/08/05 14:30:00,0.17002679538356852
2026/08/05 14:35:00,0.16663328275610773
2026/08/05 14:40:00,0.1683295781808081
2026/08/05 14:45:00,0.16336191747267897
2026/08/05 14:50:00,0.1750086696021366
2026/08/05 14:55:00,0.1599730542388152
2026/08/05 15:00:00,0.17670217395494253
2026/08/05 15:05:00,0.1666317745633808
2026/08/05 15:10:00,0.1733630540763813
2026/08/05 15:15:00,0.17163112005450834
2026/08/05 15:20:00,0.17004100501873975
2026/08/05 15:25:00,0.18329447993622955
2026/08/05 15:30:00,0.17167299012625242
2026/08/05 15:35:00,0.16333175064381042
2026/08/05 15:40:00,0.17166339578667666
2026/08/05 15:45:00,0.16837013604434176
2026/08/05 15:50:00,0.17165970316136808
2026/08/05 15:55:00,0.16500084687388653
2026/08/05 16:00:00,0.17163635665543814
2026/08/05 16:05:00,0.1650052120930431
2026/08/05 16:10:00,0.1733723031750491
2026/08/05 16:15:00,0.1666650427913367
2026/08/05 16:20:00,0.1733277117462357
2026/08/05 16:25:00,0.163334027860334
2026/08/05 16:30:00,0.1916191439879708
2026/08/05 16:35:00,0.16499888892592468
2026/08/05 16:40:00,0.16667661561753597
2026/08/05 16:45:00,0.16166345786693886
2026/08/05 16:50:00,0.16834187965744463
2026/08/05 16:55:00,0.16500348808462748
2026/08/05 17:00:00,0.17166482422273255
2026/08/05 17:05:00,0.16336506832920686
2026/08/05 17:10:00,0.16666733336203718
2026/08/05 17:15:00,0.16832826986827537
2026/08/05 17:20:00,0.1683333333333333
2026/08/05 17:25:00,0.18331986164245623
2026/08/05 17:30:00,0.16663115474730747
2026/08/05 17:35:00,0.16169716220243763
2026/08/05 17:40:00,0.1716254436263533
2026/08/05 17:45:00,0.1600335152444286
2026/08/05 17:50:00,0.1699962128684303
2026/08/05 17:55:00,0.16498958847860612
2026/08/05 18:00:00,0.1716350814361864
2026/08/05 18:05:00,0.16336213281702222
2026/08/05 18:10:00,0.16829455477326358
2026/08/05 18:15:00,0.18503381384587997
2026/08/05 18:20:00,0.16833511824002018
2026/08/05 18:25:00,0.15829958935120678
2026/08/05 18:30:00,0.17504278807831292
2026/08/05 18:35:00,0.15833582020276638
2026/08/05 18:40:00,0.16829933999417424
2026/08/05 18:45:00,0.16333167840051402
2026/08/05 18:50:00,0.1683454088561947
2026/08/05 18:55:00,0.16000006778433143
2026/08/05 19:00:00,0.1733816709548838
2026/08/05 19:05:00,0.16166674777295767
2026/08/05 19:10:00,0.17000176163098749
2026/08/05 19:15:00,0.1649633429165143
2026/08/05 19:20:00,0.17336628726947015
2026/08/05 19:25:00,0.16499999999999995
2026/08/05 19:30:00,0.1683300579168973
2026/08/05 19:35:00,0.16496389846281073
2026/08/05 19:40:00,0.16336558941182788
2026/08/05 19:45:00,0.17662008957148428
2026/08/05 19:50:00,0.17671403751657572
2026/08/05 19:55:00,0.16163275896886153
2026/08/05 20:00:00,0.1733742261088567
2026/08/05 20:05:00,0.16830286431017352
2026/08/05 20:10:00,0.16833233355833116
2026/08/05 20:15:00,0.168330085737401
2026/08/05 20:20:00,0.1683293767181159
2026/08/05 20:25:00,0.1633643628555596
2026/08/05 20:30:00,0.1882958181937096
2026/08/05 20:35:00,0.1600040665260719
2026/08/05 20:40:00,0.16836798009329854
2026/08/05 20:45:00,0.16499329112269523
2026/08/05 20:50:00,0.16996200422023164
2026/08/05 20:55:00,0.16332846816164417
2026/08/05 21:00:00,0.26833140625825425
2026/08/05 21:05:00,0.16502999187229103
2026/08/05 21:10:00,0.17162998475383018
2026/08/05 21:15:00,0.16337175984792665
2026/08/05 21:20:00,0.17331889872044234
2026/08/05 21:25:00,0.16167427775259552
2026/08/05 21:30:00,0.16998918585386072
2026/08/05 21:35:00,0.16663171379647293
2026/08/05 21:40:00,0.16833960104388193
2026/08/05 21:45:00,0.16166799824698325
2026/08/05 21:50:00,0.17337895339483125
2026/08/05 21:55:00,0.16329666174302138
2026/08/05 22:00:00,0.1750440034009626
2026/08/05 22:05:00,0.16163577095881201
2026/08/05 22:10:00,0.16837822149607867
2026/08/05 22:15:00,0.16996704963724002
2026/08/05 22:20:00,0.17171312106090633
2026/08/05 22:25:00,0.16496840516634056
2026/08/05 22:30:00,0.17000907302155233
2026/08/05 22:35:00,0.16169832373504708
2026/08/05 22:40:00,0.1916445248667674
2026/08/05 22:45:00,0.16500124075275371
2026/08/05 22:50:00,0.16829677679051291
2026/08/05 22:55:00,0.18499909545854593
2026/08/05 23:00:00,0.1666993760357254
2026/08/05 23:05:00,0.17166113585752635
2026/08/05 23:10:00,0.16662772175867416
2026/08/05 23:15:00,0.16503332560215336
2026/08/05 23:20:00,0.17162916820684507
2026/08/05 23:25:00,0.1800313372858649
2026/08/05 23:30:00,0.16832413849488895
2026/08/05 23:35:00,0.16666084076751791
2026/08/05 23:40:00,0.16829515711095058
2026/08/05 23:45:00,0.16666276680351627
2026/08/05 23:50:00,0.16169597577820316
2026/08/05 23:55:00,0.16163561431989554
2026/08/06 00:00:00,0.1833518173848009
2026/08/06 00:05:00,0.18499781613513192
2026/08/06 00:10:00,0.1683329447104008
2026/08/06 00:15:00,0.16666618345197368
2026/08/06 00:20:00,0.1683432543918948
2026/08/06 00:25:00,0.16503246396913412
2026/08/06 00:30:00,0.16829784947304355
2026/08/06 00:35:00,0.16503342340543375
2026/08/06 00:40:00,0.19495985675181274
2026/08/06 00:45:00,0.171667094343863
2026/08/06 00:50:00,0.17166568464637613
2026/08/06 00:55:00,0.18171414657989032
2026/08/06 01:00:00,0.16829686833917712
2026/08/06 01:05:00,0.1650401873120072
2026/08/06 01:10:00,0.1666633999967333
2026/08/06 01:15:00,0.16499999999999995
2026/08/06 01:20:00,0.1700000932607158
2026/08/06 01:25:00,0.16163435639792106
2026/08/06 01:30:00,0.17170175848218605
2026/08/06 01:35:00,0.18334220545840016
2026/08/06 01:40:00,0.1666328798224872
2026/08/06 01:45:00,0.1666972179313631
2026/08/06 01:50:00,0.17163339390147542
2026/08/06 01:55:00,0.1633345544289801
2026/08/06 02:00:00,0.1700006232161349
2026/08/06 02:05:00,0.16670006059951537
2026/08/06 02:10:00,0.1716300547800325
2026/08/06 02:15:00,0.16669831166275267
2026/08/06 02:20:00,0.16662544706223376
2026/08/06 02:25:00,0.16500481061793543
2026/08/06 02:30:00,0.17166512497971662
2026/08/06 02:35:00,0.16503692527542532
2026/08/06 02:40:00,0.16999487505909944
2026/08/06 02:45:00,0.16496386782796804
2026/08/06 02:50:00,0.1917138991781443
2026/08/06 02:55:00,0.1683334565334055
2026/08/06 03:00:00,0.16999228075783282
2026/08/06 03:05:00,0.16833064463360659
2026/08/06 03:10:00,0.18996520657146332
2026/08/06 03:15:00,0.17333569779664754
2026/08/06 03:20:00,0.17170508394143041
2026/08/06 03:25:00,0.16163296168225738
2026/08/06 03:30:00,0.1717006849603746
2026/08/06 03:35:00,0.16663446149474687
2026/08/06 03:40:00,0.16670033791552183
2026/08/06 03:45:00,0.1699930974218853
2026/08/06 03:50:00,0.16662825390458624
2026/08/06 03:55:00,0.16500007717508508
2026/08/06 04:00:00,0.17166970376783622
2026/08/06 04:05:00,0.16500001564822409
2026/08/06 04:10:00,0.1716625712334338
2026/08/06 04:15:00,0.17000240657317456
2026/08/06 04:20:00,0.190038482782177
2026/08/06 04:25:00,0.16829605235937806
2026/08/06 04:30:00,0.17003392454607613
2026/08/06 04:35:00,0.1632972144925127
2026/08/06 04:40:00,0.1700003704761634
2026/08/06 04:45:00,0.16837072728958763
2026/08/06 04:50:00,0.1716668296062422
2026/08/06 04:55:00,0.16333516387179942
2026/08/06 05:00:00,0.17166661119074061
2026/08/06 05:05:00,0.1699984679530293
2026/08/06 05:10:00,0.16832498097414803
2026/08/06 05:15:00,0.16662838747058384
2026/08/06 05:20:00,0.17170377705538076
2026/08/06 05:25:00,0.15999843821834686
2026/08/06 05:30:00,0.17167009563527413
2026/08/06 05:35:00,0.16666680675940643
2026/08/06 05:40:00,0.18663150720994232
2026/08/06 05:45:00,0.16500012270957362
2026/08/06 05:50:00,0.16670527604163612
2026/08/06 05:55:00,0.16329708668066428
2026/08/06 06:00:00,0.17167767619757673
2026/08/06 06:05:00,0.16333440220762493
2026/08/06 06:10:00,0.17503272319777055
2026/08/06 06:15:00,0.18168788536299943
2026/08/06 06:20:00,0.17663279515131242
2026/08/06 06:25:00,0.17003916607116737
2026/08/06 06:30:00,0.2349984676715537
2026/08/06 06:35:00,0.17996150379308262
2026/08/06 06:40:00,0.1717070858303275
2026/08/06 06:45:00,0.16496621443730103
2026/08/06 06:50:00,0.5750324892555254
2026/08/06 06:55:00,0.16333340224081191
2026/08/06 07:00:00,0.16995705651525694
2026/08/06 07:05:00,0.16667073786486514
2026/08/06 07:10:00,0.16837229936186443
2026/08/06 07:15:00,0.1716685186149268
2026/08/06 07:20:00,0.16666648190078354
2026/08/06 07:25:00,0.16330127163924618
2026/08/06 07:30:00,0.17166430612886302
2026/08/06 07:35:00,0.1650365898757698
2026/08/06 07:40:00,0.19165979829805463
2026/08/06 07:45:00,0.16663230577974328
2026/08/06 07:50:00,0.1716716621582378
2026/08/06 07:55:00,0.16833458555733719
2026/08/06 08:00:00,0.16833176849942275
2026/08/06 08:05:00,0.16499578351133173
2026/08/06 08:10:00,0.1700333284942705
2026/08/06 08:15:00,0.1666666667592592
2026/08/06 08:20:00,0.1716667378519278
2026/08/06 08:25:00,0.16500019222327209
2026/08/06 08:30:00,0.16663685050953886
2026/08/06 08:35:00,0.16999590794812547
2026/08/06 08:40:00,0.17003419904654182
2026/08/06 08:45:00,0.166661125114503
2026/08/06 08:50:00,0.19168633723282175
2026/08/06 08:55:00,0.1616651027386591
2026/08/06 09:00:00,0.17499502316703724
2026/08/06 09:05:00,0.16499829173849603
2026/08/06 09:10:00,0.18662568544253028
2026/08/06 09:15:00,0.1700378435566265
2026/08/06 09:20:00,0.16996169258493202
2026/08/06 09:25:00,0.1650389834623201
2026/08/06 09:30:00,0.17162709794548608
2026/08/06 09:35:00,0.16336789798075754
2026/08/06 09:40:00,0.17162365827367193
2026/08/06 09:45:00,0.1616977699183965
2026/08/06 09:50:00,0.17329133817060177
2026/08/06 09:55:00,0.16669832729431014
2026/08/06 10:00:00,0.1682999534221024
2026/08/06 10:05:00,0.17003492517014884
2026/08/06 10:10:00,0.16998977166284718
2026/08/06 10:15:00,0.1649621911794621
2026/08/06 10:20:00,0.1767099261207782
2026/08/06 10:25:00,0.1616340183551132
2026/08/06 10:30:00,0.1667001445148482
2026/08/06 10:35:00,0.16833455559629762
2026/08/06 10:40:00,0.1916317863792762
2026/08/06 10:45:00,0.16670013351809743
2026/08/06 10:50:00,0.16996790716080992
2026/08/06 10:55:00,0.16170248816262656
2026/08/06 11:00:00,0.17666279073415345
2026/08/06 11:05:00,0.15996903062547557
2026/08/06 11:10:00,0.1916648671773821
2026/08/06 11:15:00,0.16503339636494196
2026/08/06 11:20:00,0.1716683494631194
2026/08/06 11:25:00,0.16496681267263955
2026/08/06 11:30:00,0.166675947580673
2026/08/06 11:35:00,0.16166501066019706
2026/08/06 11:40:00,0.17337094127053984
2026/08/06 11:45:00,0.16333162390305092
2026/08/06 11:50:00,0.17163352871763204
2026/08/06 11:55:00,0.16333580625582533
2026/08/06 12:00:00,0.17166513899212543
2026/08/06 12:05:00,0.17004299725088748
2026/08/06 12:10:00,0.16666538893148003
2026/08/06 12:15:00,0.18833386111990752
2026/08/06 12:20:00,0.17162363503503883
2026/08/06 12:25:00,0.16169664321276375
2026/08/06 12:30:00,0.16830008934287358
2026/08/06 12:35:00,0.16504024531945238
2026/08/06 12:40:00,0.1683365344846259
2026/08/06 12:45:00,0.16333176139697875
2026/08/06 12:50:00,0.16828795088329918
2026/08/06 12:55:00,0.16503692963839756
2026/08/06 13:00:00,0.18328995997754322
2026/08/06 13:05:00,0.16833882428049632
2026/08/06 13:10:00,0.17000904537293843
2026/08/06 13:15:00,0.16666840404429037
2026/08/06 13:20:00,0.16837407677571717
2026/08/06 13:25:00,0.1633333333333333
2026/08/06 13:30:00,0.16829775721410883
2026/08/06 13:35:00,0.16336562944958527
2026/08/06 13:40:00,0.16999831951096822
2026/08/06 13:45:00,0.15999958342916654
2026/08/06 13:50:00,0.17330194939499818
2026/08/06 13:55:00,0.16003064421541877
2026/08/06 14:00:00,0.16999349468155184
2026/08/06 14:05:00,0.1683333611300926
2026/08/06 14:10:00,0.16662994380459292
2026/08/06 14:15:00,0.16666825488189685
2026/08/06 14:20:00,0.17501070861755735
2026/08/06 14:25:00,0.15999948004589554
2026/08/06 14:30:00,0.17504273185388008
2026/08/06 14:35:00,0.17330199140670363
2026/08/06 14:40:00,0.17169876815264076
2026/08/06 14:45:00,0.1666392035264071
2026/08/06 14:50:00,0.1667063864745874
2026/08/06 14:55:00,0.16499336003017387
2026/08/06 15:00:00,0.171664459448281
2026/08/06 15:05:00,0.16166548850620793
2026/08/06 15:10:00,0.1716375215130698
2026/08/06 15:15:00,0.18003076433380608
2026/08/06 15:20:00,0.1699941020650246
2026/08/06 15:25:00,0.16496556449802716
2026/08/06 15:30:00,0.16836642288868026
2026/08/06 15:35:00,0.1616350894400998
2026/08/06 15:40:00,0.17003988644455975
2026/08/06 15:45:00,0.1632993979109938
2026/08/06 15:50:00,0.1733407742668565
2026/08/06 15:55:00,0.16166713896990745
2026/08/06 16:00:00,0.17334085609818026
2026/08/06 16:05:00,0.16503688239325615
2026/08/06 16:10:00,0.16666892508523107
2026/08/06 16:15:00,0.16663355767065252
2026/08/06 16:20:00,0.18503153279812498
2026/08/06 16:25:00,0.15830236433702521
2026/08/06 16:30:00,0.17337489177667526
2026/08/06 16:35:00,0.16329899794482142
2026/08/06 16:40:00,0.1666995339396058
2026/08/06 16:45:00,0.2466511619861998
2026/08/06 16:50:00,0.1700036734780179
2026/08/06 16:55:00,0.1616704204277856
2026/08/06 17:00:00,0.16832831373416351
2026/08/06 17:05:00,0.1649672837961145
2026/08/06 17:10:00,0.16836565077066706
2026/08/06 17:15:00,0.16663290776940062
2026/08/06 17:20:00,0.17003392337765613
2026/08/06 17:25:00,0.17830285675457114
2026/08/06 17:30:00,0.16670802038410573
2026/08/06 17:35:00,0.1633017828162954
2026/08/06 17:40:00,0.1683407771123881
2026/08/06 17:45:00,0.1633627962808258
2026/08/06 17:50:00,0.16999496188108948
2026/08/06 17:55:00,0.16162956991506297
2026/08/06 18:00:00,0.17171077472325402
2026/08/06 18:05:00,0.16330006109494066
2026/08/06 18:10:00,0.16666609219336295
2026/08/06 18:15:00,0.1666973200410528
2026/08/06 18:20:00,0.16833506500173165
2026/08/06 18:25:00,0.1616361133130853
2026/08/06 18:30:00,0.16833553517803818
2026/08/06 18:35:00,0.181703373141551
2026/08/06 18:40:00,0.16833276117681098
2026/08/06 18:45:00,0.16330009559702185
2026/08/06 18:50:00,0.17003211726506862
2026/08/06 18:55:00,0.16663245890905143
2026/08/06 19:00:00,0.16670469149019468
2026/08/06 19:05:00,0.16666673785192782
2026/08/06 19:10:00,0.16999994446481476
2026/08/06 19:15:00,0.16333340000006663
2026/08/06 19:20:00,0.1716328689373341
2026/08/06 19:25:00,0.15833226050880664
2026/08/06 19:30:00,0.1716641506071138
2026/08/06 19:35:00,0.16332740949240557
2026/08/06 19:40:00,0.1633352223527825
2026/08/06 19:45:00,0.18169156511703013
2026/08/06 19:50:00,0.16999499073695196
2026/08/06 19:55:00,0.1599661721977183
2026/08/06 20:00:00,0.1750045463132009
2026/08/06 20:05:00,0.1783134460376264
2026/08/06 20:10:00,0.17000176523324922
2026/08/06 20:15:00,0.1666650139947739
2026/08/06 20:20:00,0.1666725965450575
2026/08/06 20:25:00,0.1600300711036275
2026/08/06 20:30:00,0.16999662204999466
2026/08/06 20:35:00,0.16496659019834614
2026/08/06 20:40:00,0.1683666456285819
2026/08/06 20:45:00,0.1599983147735035
2026/08/06 20:50:00,0.17000005559166662
2026/08/06 20:55:00,0.1633011438269424
2026/08/06 21:00:00,0.16834194510195674
2026/08/06 21:05:00,0.2433350231982041
2026/08/06 21:10:00,0.1733339444925927
2026/08/06 21:15:00,0.17999326455098352
2026/08/06 21:20:00,0.17003907521770123
2026/08/06 21:25:00,0.1599999817864203
2026/08/06 21:30:00,0.16665767083512664
2026/08/06 21:35:00,0.1632995344363039
2026/08/06 21:40:00,0.16500744125760677
2026/08/06 21:45:00,0.16336550720845466
2026/08/06 21:50:00,0.1716684572248704
2026/08/06 21:55:00,0.15833339881303057
2026/08/06 22:00:00,0.16832834743858094
2026/08/06 22:05:00,0.16163220113074722
2026/08/06 22:10:00,0.16667255641142187
2026/08/06 22:15:00,0.16836567345681883
2026/08/06 22:20:00,0.16829464852501408
2026/08/06 22:25:00,0.1600356776206508
2026/08/06 22:30:00,0.17329879655804772
2026/08/06 22:35:00,0.1600272076263211
2026/08/06 22:40:00,0.16999930556712942
2026/08/06 22:45:00,0.15996624571726997
2026/08/06 22:50:00,0.17167260869067574
2026/08/06 22:55:00,0.205063624309898
2026/08/06 23:00:00,0.1700013409748498
2026/08/06 23:05:00,0.19500635726378499
2026/08/06 23:10:00,0.17167275035955262
2026/08/06 23:15:00,0.1666683232403289
2026/08/06 23:20:00,0.1716258874072991
2026/08/06 23:25:00,0.16003222942882508
2026/08/06 23:30:00,0.1716581356297796
2026/08/06 23:35:00,0.1549966662335912
2026/08/06 23:40:00,0.15163950070533017
2026/08/06 23:45:00,0.15833381190836726
2026/08/06 23:50:00,0.17003347944965877
2026/08/06 23:55:00,0.15996322391176543
2026/08/07 00:00:00,0.18168439444987877
2026/08/07 00:05:00,0.1933867125715724
2026/08/07 00:10:00,0.16828744616499852
2026/08/07 00:15:00,0.17000125585835751
2026/08/07 00:20:00,0.1666706304750539
2026/08/07 00:25:00,0.16500409850115666
2026/08/07 00:30:00,0.1683327628099966
2026/08/07 00:35:00,0.16000183145606445
2026/08/07 00:40:00,0.17003727683944253
2026/08/07 00:45:00,0.184979179606627
2026/08/07 00:50:00,0.1716995820394842
2026/08/07 00:55:00,0.16330518440469474
2026/08/07 01:00:00,0.166700381289762
2026/08/07 01:05:00,0.16663510702461082
2026/08/07 01:10:00,0.16837332535548663
2026/08/07 01:15:00,0.16663504510137397
2026/08/07 01:20:00,0.17334015759040916
2026/08/07 01:25:00,0.16169731941972773
2026/08/07 01:30:00,0.18828939106118697
2026/08/07 01:35:00,0.16836664453521755
2026/08/07 01:40:00,0.16832832523777935
2026/08/07 01:45:00,0.1700025858102187
2026/08/07 01:50:00,0.1716220016626802
2026/08/07 01:55:00,0.16336461436325217
2026/08/07 02:00:00,0.17832562891933135
2026/08/07 02:05:00,0.16497124359673715
2026/08/07 02:10:00,0.1700061323422349
2026/08/07 02:15:00,0.17003655723753347
2026/08/07 02:20:00,0.17000057007980518
2026/08/07 02:25:00,0.16333227781296175
2026/08/07 02:30:00,0.17332645089331544
2026/08/07 02:35:00,0.16663126789221624
2026/08/07 02:40:00,0.17336591226685755
2026/08/07 02:45:00,0.18828194812371996
2026/08/07 02:50:00,0.17002978212804132
2026/08/07 02:55:00,0.17163524498229393
2026/08/07 03:00:00,0.16832926223507202
2026/08/07 03:05:00,0.16669761164033278
2026/08/07 03:10:00,0.17162663003421796
2026/08/07 03:15:00,0.16836963006425534
2026/08/07 03:20:00,0.17333757604278682
2026/08/07 03:25:00,0.18166295328177967
2026/08/07 03:30:00,0.17162803597093235
2026/08/07 03:35:00,0.16666174063659764
2026/08/07 03:40:00,0.171674988117329
2026/08/07 03:45:00,0.16833275018286636
2026/08/07 03:50:00,0.17834227321214108
2026/08/07 03:55:00,0.16503445351964546
2026/08/07 04:00:00,0.17496394535411292
2026/08/07 04:05:00,0.16836447024023488
2026/08/07 04:10:00,0.1716352561910311
2026/08/07 04:15:00,0.17170482154101205
2026/08/07 04:20:00,0.17329966230777955
2026/08/07 04:25:00,0.18503322412539294
2026/08/07 04:30:00,0.1732895268080173
2026/08/07 04:35:00,0.16667198244843348
2026/08/07 04:40:00,0.17337755701990423
2026/08/07 04:45:00,0.16829964364981762
2026/08/07 04:50:00,0.17004077022298636
2026/08/07 04:55:00,0.16834029697410224
2026/08/07 05:00:00,0.1732866769864333
2026/08/07 05:05:00,0.16500177993003368
2026/08/07 05:10:00,0.17170475142451708
2026/08/07 05:15:00,0.16496603337966262
2026/08/07 05:20:00,0.1733437376084281
2026/08/07 05:25:00,0.16837386118088155
2026/08/07 05:30:00,0.17333340338721154
2026/08/07 05:35:00,0.16666509610814356
2026/08/07 05:40:00,0.16833170607192913
2026/08/07 05:45:00,0.18499745473352763
2026/08/07 05:50:00,0.2548918875472512
2026/08/07 05:55:00,0.17003539740209428
2026/08/07 06:00:00,0.17165841628617826
2026/08/07 06:05:00,0.16996793490019285
2026/08/07 06:10:00,0.170005157414127
2026/08/07 06:15:00,0.28158880806611025
2026/08/07 06:20:00,0.17496447949281255
2026/08/07 06:25:00,0.16833509955609435
2026/08/07 06:30:00,0.1733363669550088
2026/08/07 06:35:00,0.16336953629422435
2026/08/07 06:40:00,0.16833347434367146
2026/08/07 06:45:00,0.1683346672276975
2026/08/07 06:50:00,0.16996678557575925
2026/08/07 06:55:00,0.18836895287987232
2026/08/07 07:00:00,0.17166218232973013
2026/08/07 07:05:00,0.16496966574135222
2026/08/07 07:10:00,0.17500768859268206
2026/08/07 07:15:00,0.16999961460068308
2026/08/07 07:20:00,0.17671234354274165
2026/08/07 07:25:00,0.16329913608717295
2026/08/07 07:30:00,0.17171125194872075
2026/08/07 07:35:00,0.16833223493331714
2026/08/07 07:40:00,0.1966311195470543
2026/08/07 07:45:00,0.1700356485682864
2026/08/07 07:50:00,0.17829484279608562
2026/08/07 07:55:00,0.16836499685910017
2026/08/07 08:00:00,0.1800036909795479
2026/08/07 08:05:00,0.16499322100981867
2026/08/07 08:10:00,0.17499492670213407
2026/08/07 08:15:00,0.17830497994631822
2026/08/07 08:20:00,0.1766997568035816
2026/08/07 08:25:00,0.16999993739339758
2026/08/07 08:30:00,0.19661347885296146
2026/08/07 08:35:00,0.17167071283450103
2026/08/07 08:40:00,0.18332664860266906
2026/08/07 08:45:00,0.1650322540224429
2026/08/07 08:50:00,0.17332785336722736
2026/08/07 08:55:00,0.1682964427105334
2026/08/07 09:00:00,0.17500906444984982
2026/08/07 09:05:00,0.1683690347540331
2026/08/07 09:10:00,0.17830085916447164
2026/08/07 09:15:00,0.16832774085831548
2026/08/07 09:20:00,0.17500322202864643
2026/08/07 09:25:00,0.16503743789823183
2026/08/07 09:30:00,0.19993416761697821
2026/08/07 09:35:00,0.18666452518578658
2026/08/07 09:40:00,0.1716722689305104
2026/08/07 09:45:00,0.16666735427595308
2026/08/07 09:50:00,0.17337175574190086
2026/08/07 09:55:00,0.16496680173230646
2026/08/07 10:00:00,0.1817050243081011
2026/08/07 10:05:00,0.1682994379416037
2026/08/07 10:10:00,0.17499564488742772
2026/08/07 10:15:00,0.17002484937404644
2026/08/07 10:20:00,0.17499196869240946
2026/08/07 10:25:00,0.18667641346113323
2026/08/07 10:30:00,0.1716632887166613
2026/08/07 10:35:00,0.1649646308462778
2026/08/07 10:40:00,0.17669955821384792
2026/08/07 10:45:00,0.16663553626903407
2026/08/07 10:50:00,0.1733274006809202
2026/08/07 10:55:00,0.16667243387633834
2026/08/07 11:00:00,0.1733399460152436
2026/08/07 11:05:00,0.1699982999878805
2026/08/07 11:10:00,0.17337678958803493
2026/08/07 11:15:00,0.16829911554124333
2026/08/07 11:20:00,0.17503668344841256
2026/08/07 11:25:00,0.18166796795969026
2026/08/07 11:30:00,0.17162786191829435
2026/08/07 11:35:00,0.16666812779186008
2026/08/07 11:40:00,0.16671180931059637
2026/08/07 11:45:00,0.1766666666666666
2026/08/07 11:50:00,0.16832760679383582
2026/08/07 11:55:00,0.16333763638079343
2026/08/07 12:00:00,0.17500007824083252
2026/08/07 12:05:00,0.1616631298801084
2026/08/07 12:10:00,0.1732990014984591
2026/08/07 12:15:00,0.16836775025476644
2026/08/07 12:20:00,0.17163167561839737
2026/08/07 12:25:00,0.17003333939970205
2026/08/07 12:30:00,0.18334811640599108
2026/08/07 12:35:00,0.17163217804609532
2026/08/07 12:40:00,0.17671298023364876
2026/08/07 12:45:00,0.16500199693971324
2026/08/07 12:50:00,0.17661865355014386
2026/08/07 12:55:00,0.1633696941255748
2026/08/07 13:00:00,0.19334309707617872
2026/08/07 13:05:00,0.16666722115796945
2026/08/07 13:10:00,0.1716249506983425
2026/08/07 13:15:00,0.168364207319086
2026/08/07 13:20:00,0.17329786144429876
2026/08/07 13:25:00,0.1633707473512847
2026/08/07 13:30:00,0.1716597956419017
2026/08/07 13:35:00,0.16329659539738225
2026/08/07 13:40:00,0.17336853063111068
2026/08/07 13:45:00,0.1649983216606496
2026/08/07 13:50:00,0.17329007472651425
2026/08/07 13:55:00,0.16169895207568308
2026/08/07 14:00:00,0.17333411863638348
2026/08/07 14:05:00,0.1649988722274925
2026/08/07 14:10:00,0.1766674938429258
2026/08/07 14:15:00,0.1666666944625
2026/08/07 14:20:00,0.1716667402074598
2026/08/07 14:25:00,0.16663911756052682
2026/08/07 14:30:00,0.1683322462486446
2026/08/07 14:35:00,0.16666650050554482
2026/08/07 14:40:00,0.17000729043211465
2026/08/07 14:45:00,0.1650026502729621
2026/08/07 14:50:00,0.19837734563218903
2026/08/07 14:55:00,0.16500004317546388
2026/08/07 15:00:00,0.17995679573262824
2026/08/07 15:05:00,0.16833004031378723
2026/08/07 15:10:00,0.16833224511995037
2026/08/07 15:15:00,0.17000071784139137
2026/08/07 15:20:00,0.17170968471265427
2026/08/07 15:25:00,0.16829776827223802
2026/08/07 15:30:00,0.17837187380082417
2026/08/07 15:35:00,0.16500068055561548
2026/08/07 15:40:00,0.17333499873061406
2026/08/07 15:45:00,0.19161657242850533
2026/08/07 15:50:00,0.1717125560850546
2026/08/07 15:55:00,0.171663880928245
2026/08/07 16:00:00,0.17329769187900176
2026/08/07 16:05:00,0.45319796681750757
2026/08/07 16:10:00,0.17337537747968698
2026/08/07 16:15:00,0.16666227669553343
2026/08/07 16:20:00,0.17000002779768514
2026/08/07 16:25:00,0.163334545497796
2026/08/07 16:30:00,0.1882884505032339
2026/08/07 16:35:00,0.16667682041778825
2026/08/07 16:40:00,0.1683328524519205
2026/08/07 16:45:00,0.16500249100336215
2026/08/07 16:50:00,0.17004204414635365
2026/08/07 16:55:00,0.15996394569002342
2026/08/07 17:00:00,0.170000632603867
2026/08/07 17:05:00,0.1733668097406849
2026/08/07 17:10:00,0.1699645597964982
2026/08/07 17:15:00,0.2584418849750972
2026/08/07 17:20:00,0.17332979823854283
2026/08/07 17:25:00,0.16499999999999998
2026/08/07 17:30:00,0.17332801873792225
2026/08/07 17:35:00,0.1599650799416103
2026/08/07 17:40:00,0.17003279478536765
2026/08/07 17:45:00,0.16163515015786495
2026/08/07 17:50:00,0.17003911086539908
2026/08/07 17:55:00,0.181666472261574
2026/08/07 18:00:00,0.171665012720354
2026/08/07 18:05:00,0.1683350683350683
2026/08/07 18:10:00,0.18830682584169184
2026/08/07 18:15:00,0.16666475142586412
2026/08/07 18:20:00,0.1717060939053506
2026/08/07 18:25:00,0.165000073500081
2026/08/07 18:30:00,0.17162070386217035
2026/08/07 18:35:00,0.1666708287548595
2026/08/07 18:40:00,0.16666290553029234
2026/08/07 18:45:00,0.1650332849491966
2026/08/07 18:50:00,0.16996814009101943
2026/08/07 18:55:00,0.23666493313621
2026/08/07 19:00:00,0.17667010828015767
2026/08/07 19:05:00,0.16003216220798355
2026/08/07 19:10:00,0.16999796960893576
2026/08/07 19:15:00,0.16996917410402984
2026/08/07 19:20:00,0.1700356510045589
2026/08/07 19:25:00,0.16329828351067438
2026/08/07 19:30:00,0.17333951531537134
2026/08/07 19:35:00,0.16836973300188246
2026/08/07 19:40:00,0.1966791444851615
2026/08/07 19:45:00,0.1683339913597912
2026/08/07 19:50:00,0.17333293547042244
2026/08/07 19:55:00,0.1666272211704847
2026/08/07 20:00:00,0.17337418454689607
2026/08/07 20:05:00,0.1649694411571266
2026/08/07 20:10:00,0.17004508951412492
2026/08/07 20:15:00,0.17000166620197948
2026/08/07 20:20:00,0.17496278622297604
2026/08/07 20:25:00,0.1617023590107713
2026/08/07 20:30:00,0.17332659509461462
2026/08/07 20:35:00,0.16662653366507213
2026/08/07 20:40:00,0.16834096608095087
2026/08/07 20:45:00,0.1650327294029002
2026/08/07 20:50:00,0.17328684444410347
2026/08/07 20:55:00,0.16500065542091544
2026/08/07 21:00:00,0.19333166314563227
2026/08/07 21:05:00,0.16670519585792776
2026/08/07 21:10:00,0.16666332207872553
2026/08/07 21:15:00,0.16999654696046868
2026/08/07 21:20:00,0.19165409112255002
2026/08/07 21:25:00,0.16329904760473873
2026/08/07 21:30:00,0.17004209977413148
2026/08/07 21:35:00,0.16500186997789887
2026/08/07 21:40:00,0.169998409677422
2026/08/07 21:45:00,0.16329427606292693
2026/08/07 21:50:00,0.1683665318492979
2026/08/07 21:55:00,0.16663420658785735
2026/08/07 22:00:00,0.1733380474349786
2026/08/07 22:05:00,0.17003753005047378
2026/08/07 22:10:00,0.16833160174945022
2026/08/07 22:15:00,0.16829834228599
2026/08/07 22:20:00,0.17504029230692225
2026/08/07 22:25:00,0.1599650301904238
2026/08/07 22:30:00,0.17003513551610086
2026/08/07 22:35:00,0.16833285496212194
2026/08/07 22:40:00,0.16496722233967134
2026/08/07 22:45:00,0.17337193068065818
2026/08/07 22:50:00,0.16995954260821958
2026/08/07 22:55:00,0.21505134611018403
2026/08/07 23:00:00,0.17337247688507837
2026/08/07 23:05:00,0.17166666666666663
2026/08/07 23:10:00,0.1682943385796906
2026/08/07 23:15:00,0.17003561152206959
2026/08/07 23:20:00,0.166668459464835
2026/08/07 23:25:00,0.16663471650981868
2026/08/07 23:30:00,0.16503567316651402
2026/08/07 23:35:00,0.16330014829033893
2026/08/07 23:40:00,0.17170875771818175
2026/08/07 23:45:00,0.16499999999999998
2026/08/07 23:50:00,0.1716323982352451
2026/08/07 23:55:00,0.17499904158968183
2026/08/08 00:00:00,0.19002482908799206
2026/08/08 00:05:00,0.19003711625468706
2026/08/08 00:10:00,0.1649708536647747
2026/08/08 00:15:00,0.16836423395886682
2026/08/08 00:20:00,0.17329330020565395
2026/08/08 00:25:00,0.16337129112093654
2026/08/08 00:30:00,0.16832608470974764
2026/08/08 00:35:00,0.18666122163252732
2026/08/08 00:40:00,0.17667574306548692
2026/08/08 00:45:00,0.17495685587784565
2026/08/08 00:50:00,0.16837634815780964
2026/08/08 00:55:00,0.16333394674964713
2026/08/08 01:00:00,0.1766306819198113
2026/08/08 01:05:00,0.19170356581688833
2026/08/08 01:10:00,0.1666300009273221
2026/08/08 01:15:00,0.1716667160820295
2026/08/08 01:20:00,0.17003152541784267
2026/08/08 01:25:00,0.16663241101027276
2026/08/08 01:30:00,0.18833063333510244
2026/08/08 01:35:00,0.16670056462242305
2026/08/08 01:40:00,0.17165934943548689
2026/08/08 01:45:00,0.16496989063063644
2026/08/08 01:50:00,0.17337431220410443
2026/08/08 01:55:00,0.16996686457962712
2026/08/08 02:00:00,0.1716715159906836
2026/08/08 02:05:00,0.1683253122026772
2026/08/08 02:10:00,0.17170943022047558
2026/08/08 02:15:00,0.1683333611310185
2026/08/08 02:20:00,0.17330233882165572
2026/08/08 02:25:00,0.16336598055143428
2026/08/08 02:30:00,0.17166499266267024
2026/08/08 02:35:00,0.1699657539713162
2026/08/08 02:40:00,0.1716690483124887
2026/08/08 02:45:00,0.1683422933223196
2026/08/08 02:50:00,0.17503684673112047
2026/08/08 02:55:00,0.16829543037741085
2026/08/08 03:00:00,0.19999574797321
2026/08/08 03:05:00,0.16666722226851957
2026/08/08 03:10:00,0.1700048045116535
2026/08/08 03:15:00,0.170038206146729
2026/08/08 03:20:00,0.17162939966739582
2026/08/08 03:25:00,0.16166561256999545
2026/08/08 03:30:00,0.17167491722268863
2026/08/08 03:35:00,0.1633654688583815
2026/08/08 03:40:00,0.17499289042534433
2026/08/08 03:45:00,0.16666446158458262
2026/08/08 03:50:00,0.17495628597468765
2026/08/08 03:55:00,0.17165875887861287
2026/08/08 04:00:00,0.17004193165343987
2026/08/08 04:05:00,0.16499901661674746
2026/08/08 04:10:00,0.16996316697864972
2026/08/08 04:15:00,0.17000134092115998
2026/08/08 04:20:00,0.17503706178594314
2026/08/08 04:25:00,0.16500182051454934
2026/08/08 04:30:00,0.18162450803785007
2026/08/08 04:35:00,0.17503122855679706
2026/08/08 04:40:00,0.1682946199276653
2026/08/08 04:45:00,0.16666726992743985
2026/08/08 04:50:00,0.1750372924174693
2026/08/08 04:55:00,0.16163400948432244
2026/08/08 05:00:00,0.1783772406200445
2026/08/08 05:05:00,0.16330083643038723
2026/08/08 05:10:00,0.17003423128631184
2026/08/08 05:15:00,0.16999659758501506
2026/08/08 05:20:00,0.16996164314776538
2026/08/08 05:25:00,0.16169600847574697
2026/08/08 05:30:00,0.17495345442007063
2026/08/08 05:35:00,0.1633678052678908
2026/08/08 05:40:00,0.19328717255051855
2026/08/08 05:45:00,0.16169889387543998
2026/08/08 05:50:00,0.1733261948489389
2026/08/08 05:55:00,0.16497199457512945
2026/08/08 06:00:00,0.16837367152332983
2026/08/08 06:05:00,0.27484681743510386
2026/08/08 06:10:00,0.1733342654311779
2026/08/08 06:15:00,0.1667000351894746
2026/08/08 06:20:00,0.174993857065173
2026/08/08 06:25:00,0.1649963502196775
2026/08/08 06:30:00,0.19165277867089303
2026/08/08 06:35:00,0.16500009868533122
2026/08/08 06:40:00,0.16832790988382781
2026/08/08 06:45:00,0.16499486967206142
2026/08/08 06:50:00,0.1732955536835003
2026/08/08 06:55:00,0.1617046724686116
2026/08/08 07:00:00,0.17662939966739583
2026/08/08 07:05:00,0.1650355611995719
2026/08/08 07:10:00,0.16832632852679796
2026/08/08 07:15:00,0.1699663861200647
2026/08/08 07:20:00,0.17004456396181494
2026/08/08 07:25:00,0.16330009155512795
2026/08/08 07:30:00,0.17501534950779987
2026/08/08 07:35:00,0.1650029050778157
2026/08/08 07:40:00,0.17170122894386003
2026/08/08 07:45:00,0.1649985374942103
2026/08/08 07:50:00,0.17165976069046035
2026/08/08 07:55:00,0.17830202758332728
2026/08/08 08:00:00,0.1983817150483817
2026/08/08 08:05:00,0.16496391277205666
2026/08/08 08:10:00,0.17171269340199408
2026/08/08 08:15:00,0.16833341772021976
2026/08/08 08:20:00,0.17999889896062465
2026/08/08 08:25:00,0.16329894106500922
2026/08/08 08:30:00,0.16836586944402673
2026/08/08 08:35:00,0.1666277213916138
2026/08/08 08:40:00,0.17003705526953208
2026/08/08 08:45:00,0.1716300299008278
2026/08/08 08:50:00,0.16999942416772362
2026/08/08 08:55:00,0.16333337813281107
2026/08/08 09:00:00,0.17667130235930487
2026/08/08 09:05:00,0.1650333383569227
2026/08/08 09:10:00,0.16999824914156128
2026/08/08 09:15:00,0.17000007009091617
2026/08/08 09:20:00,0.16996221916361817
2026/08/08 09:25:00,0.1650328828682403
2026/08/08 09:30:00,0.16995963220296156
2026/08/08 09:35:00,0.164997765153585
2026/08/08 09:40:00,0.1700069647473867
2026/08/08 09:45:00,0.16336892644841827
2026/08/08 09:50:00,0.19162789587849371
2026/08/08 09:55:00,0.1650064184112237
2026/08/08 10:00:00,0.17003467525486846
2026/08/08 10:05:00,0.1699598620432479
2026/08/08 10:10:00,0.1683353336305687
2026/08/08 10:15:00,0.16500126280681388
2026/08/08 10:20:00,0.17504943339995854
2026/08/08 10:25:00,0.163328300344609
2026/08/08 10:30:00,0.17329189676267037
2026/08/08 10:35:00,0.17000290365191043
2026/08/08 10:40:00,0.23326624999665477
2026/08/08 10:45:00,0.19003370481487056
2026/08/08 10:50:00,0.19162009920418094
2026/08/08 10:55:00,0.16336568153696462
2026/08/08 11:00:00,0.17329522809171133
2026/08/08 11:05:00,0.16336426112724906
2026/08/08 11:10:00,0.1699678183093069
2026/08/08 11:15:00,0.16669734919979629
2026/08/08 11:20:00,0.1699645438615541
2026/08/08 11:25:00,0.16502739630403743
2026/08/08 11:30:00,0.17166801339451707
2026/08/08 11:35:00,0.16496783832740539
2026/08/08 11:40:00,0.1700323918018998
2026/08/08 11:45:00,0.16329993231741508
2026/08/08 11:50:00,0.1733700266990213
2026/08/08 11:55:00,0.17828351055864772
2026/08/08 12:00:00,0.17170407117540357
2026/08/08 12:05:00,0.1683289960063605
2026/08/08 12:10:00,0.1666667321287713
2026/08/08 12:15:00,0.1883012248918419
2026/08/08 12:20:00,0.1717083930890439
2026/08/08 12:25:00,0.16496343655572937
2026/08/08 12:30:00,0.17499911135371055
2026/08/08 12:35:00,0.1633350372420094
2026/08/08 12:40:00,0.1683639867077195
2026/08/08 12:45:00,0.1683368259126
2026/08/08 12:50:00,0.1683009938872283
2026/08/08 12:55:00,0.1633660818825311
2026/08/08 13:00:00,0.17329947775373683
2026/08/08 13:05:00,0.4500130380609514
2026/08/08 13:10:00,0.1749933537004774
2026/08/08 13:15:00,0.16663059463359134
2026/08/08 13:20:00,0.17670797817580278
2026/08/08 13:25:00,0.1849559172499896
2026/08/08 13:30:00,0.16999704344963978
2026/08/08 13:35:00,0.16667013557754523
2026/08/08 13:40:00,0.1699999547813302
2026/08/08 13:45:00,0.1649919893985354
2026/08/08 13:50:00,0.1750470490824613
2026/08/08 13:55:00,0.16163457254599609
2026/08/08 14:00:00,0.1717081370847166
2026/08/08 14:05:00,0.1699944319306352
2026/08/08 14:10:00,0.1699676413048519
2026/08/08 14:15:00,0.17167104971604288
2026/08/08 14:20:00,0.17334345222647174
2026/08/08 14:25:00,0.16333442555813674
2026/08/08 14:30:00,0.17499353995449698
2026/08/08 14:35:00,0.16500110026826864
2026/08/08 14:40:00,0.17003071565560118
2026/08/08 14:45:00,0.18996043719469466
2026/08/08 14:50:00,0.17000948230558383
2026/08/08 14:55:00,0.1633672967274195
2026/08/08 15:00:00,0.17662228379954797
2026/08/08 15:05:00,0.16166400840332046
2026/08/08 15:10:00,0.17503673079283355
2026/08/08 15:15:00,0.1732944680035259
2026/08/08 15:20:00,0.17336930820943572
2026/08/08 15:25:00,0.19163209045851756
2026/08/08 15:30:00,0.1700353522162434
2026/08/08 15:35:00,0.1649690796704659
2026/08/08 15:40:00,0.17333715385457016
2026/08/08 15:45:00,0.1616691230846305
2026/08/08 15:50:00,0.1733771691093778
2026/08/08 15:55:00,0.16333177273866245
2026/08/08 16:00:00,0.16832482653301653
2026/08/08 16:05:00,0.1666328265806476
2026/08/08 16:10:00,0.16836732653606643
2026/08/08 16:15:00,0.1666311206766998
2026/08/08 16:20:00,0.16836550718993706
2026/08/08 16:25:00,0.15996775828846493
2026/08/08 16:30:00,0.17000696504335058
2026/08/08 16:35:00,0.1617034143353964
2026/08/08 16:40:00,0.16666201522722415
2026/08/08 16:45:00,0.16666682105541067
2026/08/08 16:50:00,0.16499987174551006
2026/08/08 16:55:00,0.18500340239868912
2026/08/08 17:00:00,0.16999175167682523
2026/08/08 17:05:00,0.1666599734188924
2026/08/08 17:10:00,0.1682956078663998
2026/08/08 17:15:00,0.16833857189892248
2026/08/08 17:20:00,0.16834086368802686
2026/08/08 17:25:00,0.18504660691022326
2026/08/08 17:30:00,0.1666662087720495
2026/08/08 17:35:00,0.16166556511274072
2026/08/08 17:40:00,0.17332461057226792
2026/08/08 17:45:00,0.16162752730417443
2026/08/08 17:50:00,0.16670124011206147
2026/08/08 17:55:00,0.16333516272013376
2026/08/08 18:00:00,0.16996273167784084
2026/08/08 18:05:00,0.19165411435432037
2026/08/08 18:10:00,0.1666690961827411
2026/08/08 18:15:00,0.1650016541030837
2026/08/08 18:20:00,0.1716984287208882
2026/08/08 18:25:00,0.1616357183127844
2026/08/08 18:30:00,0.17003303470450642
2026/08/08 18:35:00,0.16333168051490174
2026/08/08 18:40:00,0.16996391173783867
2026/08/08 18:45:00,0.16670114794603436
2026/08/08 18:50:00,0.16832985630466055
2026/08/08 18:55:00,0.16166504936971346
2026/08/08 19:00:00,0.17500351697386413
2026/08/08 19:05:00,0.161667283927653
2026/08/08 19:10:00,0.16663585392563096
2026/08/08 19:15:00,0.17000011826797862
2026/08/08 19:20:00,0.1666660557953649
2026/08/08 19:25:00,0.16500240407109842
2026/08/08 19:30:00,0.16837236304717035
2026/08/08 19:35:00,0.16166503940526245
2026/08/08 19:40:00,0.17162652870991452
2026/08/08 19:45:00,0.1816670383218934
2026/08/08 19:50:00,0.17333561437510198
2026/08/08 19:55:00,0.1650425228270421
2026/08/08 20:00:00,0.17333519392639526
2026/08/08 20:05:00,0.1650001713347759
2026/08/08 20:10:00,0.16829668843154325
2026/08/08 20:15:00,0.1650349944901528
2026/08/08 20:20:00,0.16833357810011895
2026/08/08 20:25:00,0.16496004076865678
2026/08/08 20:30:00,0.16670880960246656
2026/08/08 20:35:00,0.18494881499363633
2026/08/08 20:40:00,0.1666662065236831
2026/08/08 20:45:00,0.1633678499596684
2026/08/08 20:50:00,0.16829674741659031
2026/08/08 20:55:00,0.16166601404868503
2026/08/08 21:00:00,0.16837252846216444
2026/08/08 21:05:00,0.16666672772467536
2026/08/08 21:10:00,0.16663343941345626
2026/08/08 21:15:00,0.1700397510310731
2026/08/08 21:20:00,0.16666236726023298
2026/08/08 21:25:00,0.23489458325739404
2026/08/08 21:30:00,0.1833685620662337
2026/08/08 21:35:00,0.16163395046278115
2026/08/08 21:40:00,0.18666641679768753
2026/08/08 21:45:00,0.1666690405388791
2026/08/08 21:50:00,0.1683671434076525
2026/08/08 21:55:00,0.16163225016987956
2026/08/08 22:00:00,0.17001725685066243
2026/08/08 22:05:00,0.1700030348465707
2026/08/08 22:10:00,0.17670374303596634
2026/08/08 22:15:00,0.17163005411895113
2026/08/08 22:20:00,0.16837035515153004
2026/08/08 22:25:00,0.16499494839778844
2026/08/08 22:30:00,0.16832314380436392
2026/08/08 22:35:00,0.16496907789598872
2026/08/08 22:40:00,0.17003462281047246
2026/08/08 22:45:00,0.17663048495753914
2026/08/08 22:50:00,0.1750369114792215
2026/08/08 22:55:00,0.18498997789122879
2026/08/08 23:00:00,0.16999865636064565
2026/08/08 23:05:00,0.1700050689190381
2026/08/08 23:10:00,0.1650409445038677
2026/08/08 23:15:00,0.1666687962891703
2026/08/08 23:20:00,0.17163061591891288
2026/08/08 23:25:00,0.16000004095873693
2026/08/08 23:30:00,0.16836610507472263
2026/08/08 23:35:00,0.16496510789671412
2026/08/08 23:40:00,0.17004025108085993
2026/08/08 23:45:00,0.18994401773818065
2026/08/08 23:50:00,0.16500323797134406
2026/08/08 23:55:00,0.163333291636653
2026/08/09 00:00:00,0.1833489519069252
2026/08/09 00:05:00,0.18333432052936394
2026/08/09 00:10:00,0.1683307888624102
2026/08/09 00:15:00,0.17167017137625126
2026/08/09 00:20:00,0.18169901730327076
2026/08/09 00:25:00,0.17000075358423977
2026/08/09 00:30:00,0.16499261483951658
2026/08/09 00:35:00,0.18495177220259756
2026/08/09 00:40:00,0.24670303151393275
2026/08/09 00:45:00,0.16996281115284168
2026/08/09 00:50:00,0.1700333383754412
2026/08/09 00:55:00,0.16496217867747542
2026/08/09 01:00:00,0.17170298342946042
2026/08/09 01:05:00,0.16333111433939934
2026/08/09 01:10:00,0.16999784718966587
2026/08/09 01:15:00,0.16500498093607563
2026/08/09 01:20:00,0.173300773865245
2026/08/09 01:25:00,0.1633688979085356
2026/08/09 01:30:00,0.17332812053968275
2026/08/09 01:35:00,0.1733281586651282
2026/08/09 01:40:00,0.16995908975297136
2026/08/09 01:45:00,0.1666632609393465
2026/08/09 01:50:00,0.17003907734640927
2026/08/09 01:55:00,0.186681084939149
2026/08/09 02:00:00,0.17166507285240945
2026/08/09 02:05:00,0.16330184878858672
2026/08/09 02:10:00,0.18004204421672398
2026/08/09 02:15:00,0.1783250075105297
2026/08/09 02:20:00,0.16663117150395695
2026/08/09 02:25:00,0.16336223791494936
2026/08/09 02:30:00,0.17496129405309824
2026/08/09 02:35:00,0.1666653506222316
2026/08/09 02:40:00,0.17003360064531087
2026/08/09 02:45:00,0.1732988545405575
2026/08/09 02:50:00,0.16837327607547276
2026/08/09 02:55:00,0.16830193833739554
2026/08/09 03:00:00,0.1667051038338097
2026/08/09 03:05:00,0.16166493409129443
2026/08/09 03:10:00,0.19833004280760258
2026/08/09 03:15:00,0.1616317033957122
2026/08/09 03:20:00,0.17000825402886185
2026/08/09 03:25:00,0.16503734351125507
2026/08/09 03:30:00,0.16998828185964723
2026/08/09 03:35:00,0.16332653107501152
2026/08/09 03:40:00,0.169965632070144
2026/08/09 03:45:00,0.16336608940349467
2026/08/09 03:50:00,0.16833335110478392
2026/08/09 03:55:00,0.17330085613049584
2026/08/09 04:00:00,0.20503200837874852
2026/08/09 04:05:00,0.16499890397054395
2026/08/09 04:10:00,0.18829936903270633
2026/08/09 04:15:00,0.16503220052386489
2026/08/09 04:20:00,0.1716557342742451
2026/08/09 04:25:00,0.1632978006943636
2026/08/09 04:30:00,0.1716708757686935
2026/08/09 04:35:00,0.16503542585344255
2026/08/09 04:40:00,0.17163053733364406
2026/08/09 04:45:00,0.16833801597940468
2026/08/09 04:50:00,0.16667125372660446
2026/08/09 04:55:00,0.1666937473142148
2026/08/09 05:00:00,0.1766271448945653
2026/08/09 05:05:00,0.1816813513872323
2026/08/09 05:10:00,0.1733782530650124
2026/08/09 05:15:00,0.163302525722269
2026/08/09 05:20:00,0.1683438126074858
2026/08/09 05:25:00,0.16499712789348794
2026/08/09 05:30:00,0.170007879382451
2026/08/09 05:35:00,0.4383027409169455
2026/08/09 05:40:00,0.1817167595160436
2026/08/09 05:45:00,0.16163415558060573
2026/08/09 05:50:00,0.17170986218282397
2026/08/09 05:55:00,0.16500026272647833
2026/08/09 06:00:00,0.16832990682955556
2026/08/09 06:05:00,0.1666307716007716
2026/08/09 06:10:00,0.17000000334955867
2026/08/09 06:15:00,0.1850145862959339
2026/08/09 06:20:00,0.17333706842175595
2026/08/09 06:25:00,0.16666499143756444
2026/08/09 06:30:00,0.2816668333546296
2026/08/09 06:35:00,0.16336146289528922
2026/08/09 06:40:00,0.1683274706630925
2026/08/09 06:45:00,0.17333562279040887
2026/08/09 06:50:00,0.17167021009588349
2026/08/09 06:55:00,0.1600000987274728
2026/08/09 07:00:00,0.18993744051146108
2026/08/09 07:05:00,0.16500243895275973
2026/08/09 07:10:00,0.16836383180599118
2026/08/09 07:15:00,0.171636303846113
2026/08/09 07:20:00,0.16833628463912834
2026/08/09 07:25:00,0.16336769798570389
2026/08/09 07:30:00,0.16996889313221075
2026/08/09 07:35:00,0.16170006231052547
2026/08/09 07:40:00,0.173299797682314
2026/08/09 07:45:00,0.16170170243219037
2026/08/09 07:50:00,0.17163221446687413
2026/08/09 07:55:00,0.16836967750361992
2026/08/09 08:00:00,0.16832586056251508
2026/08/09 08:05:00,0.1616666964683576
2026/08/09 08:10:00,0.1699918551393514
2026/08/09 08:15:00,0.16666331021676714
2026/08/09 08:20:00,0.1732920570521034
2026/08/09 08:25:00,0.1583661592461642
2026/08/09 08:30:00,0.16999837388499542
2026/08/09 08:35:00,0.16496773714545374
2026/08/09 08:40:00,0.168331843923558
2026/08/09 08:45:00,0.16169160185895168
2026/08/09 08:50:00,0.18496453615955433
2026/08/09 08:55:00,0.16503446547796136
2026/08/09 09:00:00,0.17163411439483583
2026/08/09 09:05:00,0.16503445346501674
2026/08/09 09:10:00,0.16829622607005662
2026/08/09 09:15:00,0.1699966877166854
2026/08/09 09:20:00,0.17000699829273894
2026/08/09 09:25:00,0.1833310002981511
2026/08/09 09:30:00,0.17338139869891261
2026/08/09 09:35:00,0.16163019326854755
2026/08/09 09:40:00,0.17004487283825462
2026/08/09 09:45:00,0.16332782880741742
2026/08/09 09:50:00,0.16829906163499941
2026/08/09 09:55:00,0.16500064753343252
2026/08/09 10:00:00,0.16671078578701506
2026/08/09 10:05:00,0.1666718968345809
2026/08/09 10:10:00,0.17166984122788292
2026/08/09 10:15:00,0.16663220111315558
2026/08/09 10:20:00,0.1683350084871051
2026/08/09 10:25:00,0.16666901374430518
2026/08/09 10:30:00,0.1866913471493888
2026/08/09 10:35:00,0.16496851886263222
2026/08/09 10:40:00,0.16670869171352784
2026/08/09 10:45:00,0.15999846166512832
2026/08/09 10:50:00,0.1699627036605812
2026/08/09 10:55:00,0.1617006588202224
2026/08/09 11:00:00,0.17165992813355052
2026/08/09 11:05:00,0.16163571328247156
2026/08/09 11:10:00,0.16667651920926146
2026/08/09 11:15:00,0.1667034706928752
2026/08/09 11:20:00,0.1933316667499958
2026/08/09 11:25:00,0.15999995615109974
2026/08/09 11:30:00,0.17163225452111058
2026/08/09 11:35:00,0.1617029673160039
2026/08/09 11:40:00,0.16832499802971262
2026/08/09 11:45:00,0.16500304621091272
2026/08/09 11:50:00,0.16665533361643642
2026/08/09 11:55:00,0.16500194407875032
2026/08/09 12:00:00,0.17166390497626838
2026/08/09 12:05:00,0.2317390944243773
2026/08/09 12:10:00,0.1899952334450392
2026/08/09 12:15:00,0.18667132193296082
2026/08/09 12:20:00,0.1699680228091126
2026/08/09 12:25:00,0.17000186644805998
2026/08/09 12:30:00,0.1700378045693957
2026/08/09 12:35:00,0.16496450666824786
2026/08/09 12:40:00,0.1733399708081459
2026/08/09 12:45:00,0.16836738652205732
2026/08/09 12:50:00,0.17666237600062376
2026/08/09 12:55:00,0.16329915995447933
2026/08/09 13:00:00,0.1717011479265908
2026/08/09 13:05:00,0.16665981251276887
2026/08/09 13:10:00,0.1666254447547452
2026/08/09 13:15:00,0.16833329234749686
2026/08/09 13:20:00,0.1867207676304275
2026/08/09 13:25:00,0.16666154629211466
2026/08/09 13:30:00,0.16996205975726872
2026/08/09 13:35:00,0.16833734733656783
2026/08/09 13:40:00,0.2467091906250917
2026/08/09 13:45:00,0.16829796824643767
2026/08/09 13:50:00,0.16670521861470822
2026/08/09 13:55:00,0.16496557948502105
2026/08/09 14:00:00,0.17004039272621835
2026/08/09 14:05:00,0.15996844178846528
2026/08/09 14:10:00,0.168362887969856
2026/08/09 14:15:00,0.16829381868459964
2026/08/09 14:20:00,0.1666655127833171
2026/08/09 14:25:00,0.1650356847808227
2026/08/09 14:30:00,0.16333346858532954
2026/08/09 14:35:00,0.16329374497365018
2026/08/09 14:40:00,0.16837254419291084
2026/08/09 14:45:00,0.1832831459515597
2026/08/09 14:50:00,0.1716709354119717
2026/08/09 14:55:00,0.1633694966690289
2026/08/09 15:00:00,0.16663114784941574
2026/08/09 15:05:00,0.16503738290725262
2026/08/09 15:10:00,0.1683300857012728
2026/08/09 15:15:00,0.18494697360830892
2026/08/09 15:20:00,0.1716730591474282
2026/08/09 15:25:00,0.16170124893287385
2026/08/09 15:30:00,0.1683349560953393
2026/08/09 15:35:00,0.16499609896815715
2026/08/09 15:40:00,0.16663511716648607
2026/08/09 15:45:00,0.1683707445095631
2026/08/09 15:50:00,0.16999837754607833
2026/08/09 15:55:00,0.16496177578649662
2026/08/09 16:00:00,0.19839577991982954
2026/08/09 16:05:00,0.16330191094552227
2026/08/09 16:10:00,0.16833919013828277
2026/08/09 16:15:00,0.1683659483555763
2026/08/09 16:20:00,0.16666332123607894
2026/08/09 16:25:00,0.16663225777807372
2026/08/09 16:30:00,0.1666667754792226
2026/08/09 16:35:00,0.16332996007047212
2026/08/09 16:40:00,0.1700087276456433
2026/08/09 16:45:00,0.16336957618807632
2026/08/09 16:50:00,0.17163245165365695
2026/08/09 16:55:00,0.1650063906270387
2026/08/09 17:00:00,0.17003164499608606
2026/08/09 17:05:00,0.16832831725407266
2026/08/09 17:10:00,0.1716311195470543
2026/08/09 17:15:00,0.16999715764865134
2026/08/09 17:20:00,0.17167485868928928
2026/08/09 17:25:00,0.18333392571634485
2026/08/09 17:30:00,0.17336859366827256
2026/08/09 17:35:00,0.16499834962704113
2026/08/09 17:40:00,0.16999309432461426
2026/08/09 17:45:00,0.16496843043046963
2026/08/09 17:50:00,0.16669997894339672
2026/08/09 17:55:00,0.16663405413188848
2026/08/09 18:00:00,0.17333575625608433
2026/08/09 18:05:00,0.16669868111254854
2026/08/09 18:10:00,0.1749984290446188
2026/08/09 18:15:00,0.16832898298672472
2026/08/09 18:20:00,0.17000121608295576
2026/08/09 18:25:00,0.16329901770183994
2026/08/09 18:30:00,0.16670631875159886
2026/08/09 18:35:00,0.1633345975308414
2026/08/09 18:40:00,0.18829792547418236
2026/08/09 18:45:00,0.16499675294456467
2026/08/09 18:50:00,0.16999940804541958
2026/08/09 18:55:00,0.15999838928664772
2026/08/09 19:00:00,0.17337537747968695
2026/08/09 19:05:00,0.16666690398796713
2026/08/09 19:10:00,0.16829846775748353
2026/08/09 19:15:00,0.16502900336287807
2026/08/09 19:20:00,0.17333192431344538
2026/08/09 19:25:00,0.16666740731685006
2026/08/09 19:30:00,0.17332997502549274
2026/08/09 19:35:00,0.16663221936085643
2026/08/09 19:40:00,0.1717021863500233
2026/08/09 19:45:00,0.16829983909956406
2026/08/09 19:50:00,0.1700008345574012
2026/08/09 19:55:00,0.1749853576105847
2026/08/09 20:00:00,0.18499980572268343
2026/08/09 20:05:00,0.16333864061394582
2026/08/09 20:10:00,0.17167895347123277
2026/08/09 20:15:00,0.16503322739766232
2026/08/09 20:20:00,0.168300075118265
2026/08/09 20:25:00,0.1666695150555769
2026/08/09 20:30:00,0.17000867310459766
2026/08/09 20:35:00,0.17838314883557174
2026/08/09 20:40:00,0.1749964477883228
2026/08/09 20:45:00,0.16663346725263078
2026/08/09 20:50:00,0.17167190710085747
2026/08/09 20:55:00,0.1616610949841669
2026/08/09 21:00:00,0.17000843532226195
2026/08/09 21:05:00,0.16500348666719067
2026/08/09 21:10:00,0.16836891503885612
2026/08/09 21:15:00,0.17163479493449246
2026/08/09 21:20:00,0.16503568845401756
2026/08/09 21:25:00,0.16496510259103303
2026/08/09 21:30:00,0.16666567894035494
2026/08/09 21:35:00,0.18171661476976964
2026/08/09 21:40:00,0.1682930270112981
2026/08/09 21:45:00,0.16333859967623732
2026/08/09 21:50:00,0.16669996003997828
2026/08/09 21:55:00,0.16830233941926498
2026/08/09 22:00:00,0.16836544945043994
2026/08/09 22:05:00,0.16500188184248626
2026/08/09 22:10:00,0.18496589785450873
2026/08/09 22:15:00,0.16833855735596465
2026/08/09 22:20:00,0.1666993405149372
2026/08/09 22:25:00,0.1666616274586361
2026/08/09 22:30:00,0.17000173636070995
2026/08/09 22:35:00,0.1649672294036581
2026/08/09 22:40:00,0.16500413907316663
2026/08/09 22:45:00,0.16336503171595756
2026/08/09 22:50:00,0.16999903950560594
2026/08/09 22:55:00,0.27666672224074074
2026/08/09 23:00:00,0.16999846667329144
2026/08/09 23:05:00,0.17162851017307867
2026/08/09 23:10:00,0.16834334112971477
2026/08/09 23:15:00,0.168362165396148
2026/08/09 23:20:00,0.1666662065236831
2026/08/09 23:25:00,0.16499733098414077
2026/08/09 23:30:00,0.1832876300757324
2026/08/09 23:35:00,0.17004108408600155
2026/08/09 23:40:00,0.17166601050085606
2026/08/09 23:45:00,0.15333345335007004
2026/08/09 23:50:00,0.15163578492040916
2026/08/09 23:55:00,0.16666388385423767
2026/08/10 00:00:00,0.1750493330162839
2026/08/10 00:05:00,0.1966247107204102
2026/08/10 00:10:00,0.1733686935985979
2026/08/10 00:15:00,0.18668250672163028
2026/08/10 00:20:00,0.17329648064381215
2026/08/10 00:25:00,0.15999832648727458
2026/08/10 00:30:00,0.17169975566855156
2026/08/10 00:35:00,0.17501049827518764
2026/08/10 00:40:00,0.17162406728840657
2026/08/10 00:45:00,0.1666943801614395
2026/08/10 00:50:00,0.17166666666666663
2026/08/10 00:55:00,0.15996824983978378
2026/08/10 01:00:00,0.17670662054793632
2026/08/10 01:05:00,0.1649616598893287
2026/08/10 01:10:00,0.17333481906653897
2026/08/10 01:15:00,0.17169741507706981
2026/08/10 01:20:00,0.1916719300709929
2026/08/10 01:25:00,0.1633023653521182
2026/08/10 01:30:00,0.17337727893873445
2026/08/10 01:35:00,0.16329302372056914
2026/08/10 01:40:00,0.17665973660575462
2026/08/10 01:45:00,0.16666554009851842
2026/08/10 01:50:00,0.1700055298765441
2026/08/10 01:55:00,0.16500062430179263
2026/08/10 02:00:00,0.17333807273281976
2026/08/10 02:05:00,0.18338505013338752
2026/08/10 02:10:00,0.17162558351243762
2026/08/10 02:15:00,0.1650294517147788
2026/08/10 02:20:00,0.17496617687672256
2026/08/10 02:25:00,0.16333084265842307
2026/08/10 02:30:00,0.16833446171699637
2026/08/10 02:35:00,0.16499420732393796
2026/08/10 02:40:00,0.1700321751037461
2026/08/10 02:45:00,0.16332729208897862
2026/08/10 02:50:00,0.1766710960755268
2026/08/10 02:55:00,0.16333509730121737
2026/08/10 03:00:00,0.17332622125634098
2026/08/10 03:05:00,0.16330468725512537
2026/08/10 03:10:00,0.1883318490411038
2026/08/10 03:15:00,0.16999962764105145
2026/08/10 03:20:00,0.17004316888679322
2026/08/10 03:25:00,0.16330043343915399
2026/08/10 03:30:00,0.173369395867946
2026/08/10 03:35:00,0.16166773689482922
2026/08/10 03:40:00,0.1732939383857522
2026/08/10 03:45:00,0.16502930173064492
2026/08/10 03:50:00,0.1732989233168593
2026/08/10 03:55:00,0.16500482414230508
2026/08/10 04:00:00,0.1699990127314653
2026/08/10 04:05:00,0.16666804142042863
2026/08/10 04:10:00,0.16837719696270909
2026/08/10 04:15:00,0.16499656540538954
2026/08/10 04:20:00,0.17663145119046594
2026/08/10 04:25:00,0.16169826887112576
2026/08/10 04:30:00,0.1716233619660518
2026/08/10 04:35:00,0.1683684334501042
2026/08/10 04:40:00,0.17163336777982258
2026/08/10 04:45:00,0.16666223558916066
2026/08/10 04:50:00,0.18999740119217895
2026/08/10 04:55:00,0.16333231658868308
2026/08/10 05:00:00,0.17833937615354495
2026/08/10 05:05:00,0.18333233344907002
2026/08/10 05:10:00,0.17334004178230122
2026/08/10 05:15:00,0.16666716669444454
2026/08/10 05:20:00,0.1683621316327471
2026/08/10 05:25:00,0.1650000711852611
2026/08/10 05:30:00,0.16996561894427833
2026/08/10 05:35:00,0.1616666750268873
2026/08/10 05:40:00,0.1700021709601667
2026/08/10 05:45:00,0.16336371550582837
2026/08/10 05:50:00,0.1682995432158415
2026/08/10 05:55:00,0.16667184740165858
2026/08/10 06:00:00,0.1700340745070492
2026/08/10 06:05:00,0.2699964001926552
2026/08/10 06:10:00,0.17499557070753036
2026/08/10 06:15:00,0.16333779969856502
2026/08/10 06:20:00,0.17500000001851848
2026/08/10 06:25:00,0.1649644916365771
2026/08/10 06:30:00,0.17000799532733063
2026/08/10 06:35:00,0.19167885836152984
2026/08/10 06:40:00,0.16829144611969277
2026/08/10 06:45:00,0.17003682853288532
2026/08/10 06:50:00,0.16996728274407097
2026/08/10 06:55:00,0.1850397197109303
2026/08/10 07:00:00,0.17662600189151983
2026/08/10 07:05:00,0.16503179067952792
2026/08/10 07:10:00,0.1716587090016887
2026/08/10 07:15:00,0.16996124158006798
2026/08/10 07:20:00,0.16836391491259467
2026/08/10 07:25:00,0.17499994446388886
2026/08/10 07:30:00,0.1866176488701704
2026/08/10 07:35:00,0.17170380691942214
2026/08/10 07:40:00,0.1716632922195303
2026/08/10 07:45:00,0.1666306038317611
2026/08/10 07:50:00,0.17503617511135394
2026/08/10 07:55:00,0.1699660668006591
2026/08/10 08:00:00,0.17504250684766304
2026/08/10 08:05:00,0.16996396853963439
2026/08/10 08:10:00,0.16833532335528661
2026/08/10 08:15:00,0.17003409135070802
2026/08/10 08:20:00,0.17333162747605502
2026/08/10 08:25:00,0.16333157881454347
2026/08/10 08:30:00,0.17662186774876584
2026/08/10 08:35:00,0.17665306525384478
2026/08/10 08:40:00,0.1800178921311181
2026/08/10 08:45:00,0.1667004260293597
2026/08/10 08:50:00,0.1682890842562327
2026/08/10 08:55:00,0.16666848609311674
2026/08/10 09:00:00,0.1700407080717059
2026/08/10 09:05:00,0.1666317213726748
2026/08/10 09:10:00,0.17334287732276082
2026/08/10 09:15:00,0.17166288869247903
2026/08/10 09:20:00,0.17334093086306618
2026/08/10 09:25:00,0.16670233087776803
2026/08/10 09:30:00,0.1733311249686053
2026/08/10 09:35:00,0.16666915009473887
2026/08/10 09:40:00,0.16999997333227929
2026/08/10 09:45:00,0.18665652301392507
2026/08/10 09:50:00,0.17499172765561138
2026/08/10 09:55:00,0.1649983495297504
2026/08/10 10:00:00,0.1700016261797765
2026/08/10 10:05:00,0.16833333333333328
2026/08/10 10:10:00,0.17000179795412132
2026/08/10 10:15:00,0.1699643467356512
2026/08/10 10:20:00,0.16836891871386017
2026/08/10 10:25:00,0.16666164069672662
2026/08/10 10:30:00,0.18329897022482372
2026/08/10 10:35:00,0.1650012124811035
2026/08/10 10:40:00,0.18337843553715025
2026/08/10 10:45:00,0.1749683649683649
2026/08/10 10:50:00,0.1716768666865679
2026/08/10 10:55:00,0.16833266673333214
2026/08/10 11:00:00,0.17167350051826244
2026/08/10 11:05:00,0.1650322840595122
2026/08/10 11:10:00,0.2649591288834553
2026/08/10 11:15:00,0.17999877506302422
2026/08/10 11:20:00,0.17837006627457289
2026/08/10 11:25:00,0.16996547242260024
2026/08/10 11:30:00,0.17167061192741753
2026/08/10 11:35:00,0.16666801347662344
2026/08/10 11:40:00,0.17499474897794862
2026/08/10 11:45:00,0.1733700139627593
2026/08/10 11:50:00,0.1766674759232954
2026/08/10 11:55:00,0.16666674402436893
2026/08/10 12:00:00,0.456794977627437
2026/08/10 12:05:00,0.17999915500787206
2026/08/10 12:10:00,0.1716209152764522
2026/08/10 12:15:00,0.17666582869531028
2026/08/10 12:20:00,0.17000235023157995
2026/08/10 12:25:00,0.18337127893523847
2026/08/10 12:30:00,0.17663547646693295
2026/08/10 12:35:00,0.16670298434437306
2026/08/10 12:40:00,0.17163053733364408
2026/08/10 12:45:00,0.16500061117592696
2026/08/10 12:50:00,0.17336544199622334
2026/08/10 12:55:00,0.16832987907075928
2026/08/10 13:00:00,0.17163066988394216
2026/08/10 13:05:00,0.17170811283310528
2026/08/10 13:10:00,0.1899498637772272
2026/08/10 13:15:00,0.17003378295415197
2026/08/10 13:20:00,0.17499646992551954
2026/08/10 13:25:00,0.16663288571508864
2026/08/10 13:30:00,0.17503717517867076
2026/08/10 13:35:00,0.16999663515386257
2026/08/10 13:40:00,0.16999325251501288
2026/08/10 13:45:00,0.16832958695464023
2026/08/10 13:50:00,0.1699628287752641
2026/08/10 13:55:00,0.1666701813017113
2026/08/10 14:00:00,0.17170631875159886
2026/08/10 14:05:00,0.16662946514203866
2026/08/10 14:10:00,0.17500421119602
2026/08/10 14:15:00,0.17669995163530772
2026/08/10 14:20:00,0.18668219611267595
2026/08/10 14:25:00,0.1716614653682929
2026/08/10 14:30:00,0.17332504612325286
2026/08/10 14:35:00,0.1683317675765378
2026/08/10 14:40:00,0.17499318264238864
2026/08/10 14:45:00,0.16666336345768368
2026/08/10 14:50:00,0.17829844721987137
2026/08/10 14:55:00,0.16500066532276597
2026/08/10 15:00:00,0.1716758698027438
2026/08/10 15:05:00,0.16832841608571938
2026/08/10 15:10:00,0.17503624955235442
2026/08/10 15:15:00,0.1716661302482168
2026/08/10 15:20:00,0.1766619900871605
2026/08/10 15:25:00,0.1666650618273973
2026/08/10 15:30:00,0.17829569390413993
2026/08/10 15:35:00,0.1666684769594602
2026/08/10 15:40:00,0.17003952839533273
2026/08/10 15:45:00,0.16996731155583672
2026/08/10 15:50:00,0.18833508399637686
2026/08/10 15:55:00,0.16833161950424752
2026/08/10 16:00:00,0.17337109353579308
2026/08/10 16:05:00,0.16500187738846006
2026/08/10 16:10:00,0.17499942874775715
2026/08/10 16:15:00,0.16833397078918502
2026/08/10 16:20:00,0.17162991913844927
2026/08/10 16:25:00,0.17000300651073447
2026/08/10 16:30:00,0.17166675404461498
2026/08/10 16:35:00,0.17003519390814445
2026/08/10 16:40:00,0.1699930814809131
2026/08/10 16:45:00,0.1866267418182293
2026/08/10 16:50:00,0.17337195464835922
2026/08/10 16:55:00,0.16829899222433795
2026/08/10 17:00:00,0.17336950825729622
2026/08/10 17:05:00,0.16663439382833126
2026/08/10 17:10:00,0.16836842631828716
2026/08/10 17:15:00,0.1716655222381081
2026/08/10 17:20:00,0.16666096807431505
2026/08/10 17:25:00,0.1649645204323117
2026/08/10 17:30:00,0.17169951682198958
2026/08/10 17:35:00,0.17661679644359543
2026/08/10 17:40:00,0.17666465698945738
2026/08/10 17:45:00,0.16503508157929592
2026/08/10 17:50:00,0.16999616275876217
2026/08/10 17:55:00,0.16666861901408483
2026/08/10 18:00:00,0.19166939824641524
2026/08/10 18:05:00,0.16666569289843344
2026/08/10 18:10:00,0.1716610861854198
2026/08/10 18:15:00,0.16830116881484827
2026/08/10 18:20:00,0.17667026931842583
2026/08/10 18:25:00,0.16336942527385373
2026/08/10 18:30:00,0.17162655658280518
2026/08/10 18:35:00,0.16500066725556634
2026/08/10 18:40:00,0.17166768292250834
2026/08/10 18:45:00,0.16336799441744967
2026/08/10 18:50:00,0.1733214193881155
2026/08/10 18:55:00,0.16333525203855867
2026/08/10 19:00:00,0.17662600694936775
2026/08/10 19:05:00,0.16503508002344466
2026/08/10 19:10:00,0.1716656563070354
2026/08/10 19:15:00,0.17000534190532474
2026/08/10 19:20:00,0.16829721475511045
2026/08/10 19:25:00,0.1883665028903637
2026/08/10 19:30:00,0.16996253455652294
2026/08/10 19:35:00,0.16337142670138657
2026/08/10 19:40:00,0.17162717756689444
2026/08/10 19:45:00,0.16333302196513494
2026/08/10 19:50:00,0.16834336034657826
2026/08/10 19:55:00,0.16666445398588767
2026/08/10 20:00:00,0.16999826503282583
2026/08/10 20:05:00,0.16836892398873796
2026/08/10 20:10:00,0.16663245790341139
2026/08/10 20:15:00,0.168336189698051
2026/08/10 20:20:00,0.17166662604236912
2026/08/10 20:25:00,0.16003168065630283
2026/08/10 20:30:00,0.16996628447380308
2026/08/10 20:35:00,0.1650012094126973
2026/08/10 20:40:00,0.1650368088066625
2026/08/10 20:45:00,0.18333009052350532
2026/08/10 20:50:00,0.1732857143628487
2026/08/10 20:55:00,0.16669846485507306
2026/08/10 21:00:00,0.16999317251336335
2026/08/10 21:05:00,0.16500374733786757
2026/08/10 21:10:00,0.2432278643746264
2026/08/10 21:15:00,0.17667078730133207
2026/08/10 21:20:00,0.19001866749967372
2026/08/10 21:25:00,0.16336974575121774
2026/08/10 21:30:00,0.1683266968088811
2026/08/10 21:35:00,0.16333348231420342
2026/08/10 21:40:00,0.16829513390559708
2026/08/10 21:45:00,0.1633651506740713
2026/08/10 21:50:00,0.17329483111820315
2026/08/10 21:55:00,0.1616984207122513
2026/08/10 22:00:00,0.17332482544061018
2026/08/10 22:05:00,0.1649966800150869
2026/08/10 22:10:00,0.16662668788779472
2026/08/10 22:15:00,0.1667017017757757
2026/08/10 22:20:00,0.17163395669933684
2026/08/10 22:25:00,0.1650327556166998
2026/08/10 22:30:00,0.17328938930167018
2026/08/10 22:35:00,0.18668809229362454
2026/08/10 22:40:00,0.16662884062572864
2026/08/10 22:45:00,0.16500569588086353
2026/08/10 22:50:00,0.16667287662503633
2026/08/10 22:55:00,0.18666762686318744
2026/08/10 23:00:00,0.17170844488530385
2026/08/10 23:05:00,0.1716667222944445
2026/08/10 23:10:00,0.1716666944634259
2026/08/10 23:15:00,0.16667207775430473
2026/08/10 23:20:00,0.16662883488376962
2026/08/10 23:25:00,0.16336563034953638
2026/08/10 23:30:00,0.17165876101967154
2026/08/10 23:35:00,0.18829118637773207
2026/08/10 23:40:00,0.16836492686715313
2026/08/10 23:45:00,0.16163228557390705
2026/08/10 23:50:00,0.17166331146389105
2026/08/10 23:55:00,0.161699178721438
2026/08/11 00:00:00,0.18328098903297174
2026/08/11 00:05:00,0.209993728408682
2026/08/11 00:10:00,0.17003772264810757
2026/08/11 00:15:00,0.16999999030604346
2026/08/11 00:20:00,0.16829182616956967
2026/08/11 00:25:00,0.1616978749475066
2026/08/11 00:30:00,0.16996437919255797
2026/08/11 00:35:00,0.16336717361422445
2026/08/11 00:40:00,0.16996623117580514
2026/08/11 00:45:00,0.1650252121051284
2026/08/11 00:50:00,0.17166240811527148
2026/08/11 00:55:00,0.1716703214095884
2026/08/11 01:00:00,0.17333465992758612
2026/08/11 01:05:00,0.16666901611774923
2026/08/11 01:10:00,0.1866163147242486
2026/08/11 01:15:00,0.16836499685910017
2026/08/11 01:20:00,0.16999681725981866
2026/08/11 01:25:00,0.16333125016606329
2026/08/11 01:30:00,0.29316907937724335
2026/08/11 01:35:00,0.32682259308871736
2026/08/11 01:40:00,0.1683665466728081
2026/08/11 01:45:00,0.16662588726275787
2026/08/11 01:50:00,0.1733331672971928
2026/08/11 01:55:00,0.1616666745023032
2026/08/11 02:00:00,0.1783314087435812
2026/08/11 02:05:00,0.1616984893031494
2026/08/11 02:10:00,0.17166740569818328
2026/08/11 02:15:00,0.17163370172726852
2026/08/11 02:20:00,0.1750312377622901
2026/08/11 02:25:00,0.16663705981766383
2026/08/11 02:30:00,0.17332860116216534
2026/08/11 02:35:00,0.180034421001045
2026/08/11 02:40:00,0.18329157815892788
2026/08/11 02:45:00,0.1667030300495475
2026/08/11 02:50:00,0.17162518444085867
2026/08/11 02:55:00,0.17003448646218736
2026/08/11 03:00:00,0.1716342254522377
2026/08/11 03:05:00,0.16166839993439655
2026/08/11 03:10:00,0.1733357662338723
2026/08/11 03:15:00,0.1849912813715294
2026/08/11 03:20:00,0.17334055041184854
2026/08/11 03:25:00,0.16170243853027993
2026/08/11 03:30:00,0.17163390944970341
2026/08/11 03:35:00,0.16499934591553184
2026/08/11 03:40:00,0.16833291679305096
2026/08/11 03:45:00,0.16503229966639282
2026/08/11 03:50:00,0.17163335252317466
2026/08/11 03:55:00,0.16333328905528086
2026/08/11 04:00:00,0.17837711554287664
2026/08/11 04:05:00,0.16164152000895562
2026/08/11 04:10:00,0.17166235127951912
2026/08/11 04:15:00,0.16832965322568905
2026/08/11 04:20:00,0.170033365077996
2026/08/11 04:25:00,0.16662892461139872
2026/08/11 04:30:00,0.1783737874005812
2026/08/11 04:35:00,0.17828438472936745
2026/08/11 04:40:00,0.18170369194197478
2026/08/11 04:45:00,0.16666673651118805
2026/08/11 04:50:00,0.17165834201130797
2026/08/11 04:55:00,0.1666312248485639
2026/08/11 05:00:00,0.1733338611199075
2026/08/11 05:05:00,0.1649994994049599
2026/08/11 05:10:00,0.16837410684862542
2026/08/11 05:15:00,0.17000360742760323
2026/08/11 05:20:00,0.17499160168923783
2026/08/11 05:25:00,0.16499829273699246
2026/08/11 05:30:00,0.17162393312271507
2026/08/11 05:35:00,0.16503282727394106
2026/08/11 05:40:00,0.1716668525806681
2026/08/11 05:45:00,0.19000138285681012
2026/08/11 05:50:00,0.19166846628066644
2026/08/11 05:55:00,0.16496800035056552
2026/08/11 06:00:00,0.17333315881343542
2026/08/11 06:05:00,0.16666616671111006
2026/08/11 06:10:00,0.17838034774166134
2026/08/11 06:15:00,0.16999846539558602
2026/08/11 06:20:00,0.17167040247644288
2026/08/11 06:25:00,0.16999901667139114
2026/08/11 06:30:00,0.16832641050070088
2026/08/11 06:35:00,0.1616306604859567
2026/08/11 06:40:00,0.2965974143037832
2026/08/11 06:45:00,0.16500242186312278
2026/08/11 06:50:00,0.16999837628873665
2026/08/11 06:55:00,0.1683334045185945
2026/08/11 07:00:00,0.1699929612412754
2026/08/11 07:05:00,0.16829720400031073
2026/08/11 07:10:00,0.17166447233101434
2026/08/11 07:15:00,0.16500040613868364
2026/08/11 07:20:00,0.17837039788161174
2026/08/11 07:25:00,0.15996862857065028
2026/08/11 07:30:00,0.17333528601816747
2026/08/11 07:35:00,0.1683355951514967
2026/08/11 07:40:00,0.16836475763632805
2026/08/11 07:45:00,0.16999851733054594
2026/08/11 07:50:00,0.18666146411231635
2026/08/11 07:55:00,0.1666613315435599
2026/08/11 08:00:00,0.17496459198884284
2026/08/11 08:05:00,0.166701832720433
2026/08/11 08:10:00,0.17666907286313704
2026/08/11 08:15:00,0.16829679041001694
2026/08/11 08:20:00,0.17003780497170456
2026/08/11 08:25:00,0.1700009957862575
2026/08/11 08:30:00,0.19163762761623562
2026/08/11 08:35:00,0.16666736925383727
2026/08/11 08:40:00,0.17004308921243688
2026/08/11 08:45:00,0.24321850342005785
2026/08/11 08:50:00,0.17499998963765478
2026/08/11 08:55:00,0.16170338392371286
2026/08/11 09:00:00,0.17166650019074048
2026/08/11 09:05:00,0.16496569323126617
2026/08/11 09:10:00,0.16836949396378756
2026/08/11 09:15:00,0.17333271663345592
2026/08/11 09:20:00,0.16663536640897253
2026/08/11 09:25:00,0.16833458954080951
2026/08/11 09:30:00,0.17169934057141775
2026/08/11 09:35:00,0.1849931734369062
2026/08/11 09:40:00,0.16999768409077337
2026/08/11 09:45:00,0.16666019190216547
2026/08/11 09:50:00,0.16829788772263368
2026/08/11 09:55:00,0.1700305264048589
2026/08/11 10:00:00,0.16999829168294603
2026/08/11 10:05:00,0.1666283301893325
2026/08/11 10:10:00,0.17337717460750024
2026/08/11 10:15:00,0.16663791293761462
2026/08/11 10:20:00,0.1749966528193002
2026/08/11 10:25:00,0.1633326945624988
2026/08/11 10:30:00,0.17503809550733743
2026/08/11 10:35:00,0.16834025014047047
2026/08/11 10:40:00,0.16995872366132997
2026/08/11 10:45:00,0.1633678134071874
2026/08/11 10:50:00,0.17328872388582836
2026/08/11 10:55:00,0.18501155635928349
2026/08/11 11:00:00,0.1799999722606481
2026/08/11 11:05:00,0.1650036495094674
2026/08/11 11:10:00,0.1716946034214703
2026/08/11 11:15:00,0.17163458209508306
2026/08/11 11:20:00,0.24997684333054693
2026/08/11 11:25:00,0.17496398179753297
2026/08/11 11:30:00,0.17166971121000146
2026/08/11 11:35:00,0.1833792872862113
2026/08/11 11:40:00,0.17329487020324255
2026/08/11 11:45:00,0.16670181464047998
2026/08/11 11:50:00,0.16999646712548339
2026/08/11 11:55:00,0.16833881823124747
2026/08/11 12:00:00,0.16833004944576255
2026/08/11 12:05:00,0.16666451396883852
2026/08/11 12:10:00,0.1816689896421947
2026/08/11 12:15:00,0.17495517194991994
2026/08/11 12:20:00,0.17333977029414585
2026/08/11 12:25:00,0.1633339298383667
2026/08/11 12:30:00,0.17167405538088618
2026/08/11 12:35:00,0.16833796066014645
2026/08/11 12:40:00,0.1667028240227669
2026/08/11 12:45:00,0.16829366764371184
2026/08/11 12:50:00,0.17170308447189714
2026/08/11 12:55:00,0.16666329332958396
2026/08/11 13:00:00,0.19329213196581724
2026/08/11 13:05:00,0.16166893059959828
2026/08/11 13:10:00,0.1749981605986936
2026/08/11 13:15:00,0.17170465158786102
2026/08/11 13:20:00,0.1716709502554048
2026/08/11 13:25:00,0.16996265098256816
2026/08/11 13:30:00,0.17334060144162988
2026/08/11 13:35:00,0.16666841920164419
2026/08/11 13:40:00,0.17337869863504415
2026/08/11 13:45:00,0.16333218288901072
2026/08/11 13:50:00,0.17495250455232236
2026/08/11 13:55:00,0.1650001451066397
2026/08/11 14:00:00,0.17333825932268554
2026/08/11 14:05:00,0.16503389912521824
2026/08/11 14:10:00,0.16999906775074147
2026/08/11 14:15:00,0.1866608682155124
2026/08/11 14:20:00,0.17163085859779054
2026/08/11 14:25:00,0.16669949742023019
2026/08/11 14:30:00,0.17500174441483932
2026/08/11 14:35:00,0.16329791221118706
2026/08/11 14:40:00,0.168331601207765
2026/08/11 14:45:00,0.17170235400787642
2026/08/11 14:50:00,0.16499273213102486
2026/08/11 14:55:00,0.16666673559173786
2026/08/11 15:00:00,0.17000245830746877
2026/08/11 15:05:00,0.16329835556066014
2026/08/11 15:10:00,0.2583145278594154
2026/08/11 15:15:00,0.18166507781372201
2026/08/11 15:20:00,0.16829964197497926
2026/08/11 15:25:00,0.1633649217175685
2026/08/11 15:30:00,0.1699690727753808
2026/08/11 15:35:00,0.17002611279106022
2026/08/11 15:40:00,0.16663497609892047
2026/08/11 15:45:00,0.16169851401584645
2026/08/11 15:50:00,0.1700017083153389
2026/08/11 15:55:00,0.16330474391925948
2026/08/11 16:00:00,0.17837045994341638
2026/08/11 16:05:00,0.18494926495020153
2026/08/11 16:10:00,0.17004504071083407
2026/08/11 16:15:00,0.16999367730130946
2026/08/11 16:20:00,0.1649668525018784
2026/08/11 16:25:00,0.16337010292168602
2026/08/11 16:30:00,0.1699644545702369
2026/08/11 16:35:00,0.16336717384734495
2026/08/11 16:40:00,0.17000008780553
2026/08/11 16:45:00,0.16496672787364716
2026/08/11 16:50:00,0.16836488285356926
2026/08/11 16:55:00,0.16830202687968387
2026/08/11 17:00:00,0.17000882902223396
2026/08/11 17:05:00,0.18501026101535173
2026/08/11 17:10:00,0.16834185409342067
2026/08/11 17:15:00,0.16499787389608667
2026/08/11 17:20:00,0.17333957614143347
2026/08/11 17:25:00,0.161701175686313
2026/08/11 17:30:00,0.16830117160518315
2026/08/11 17:35:00,0.16503287062352107
2026/08/11 17:40:00,0.16666498832731627
2026/08/11 17:45:00,0.1666351439889798
2026/08/11 17:50:00,0.165031604975036
2026/08/11 17:55:00,0.16500186900905375
2026/08/11 18:00:00,0.17333481847782467
2026/08/11 18:05:00,0.16499829506573
2026/08/11 18:10:00,0.16995930474787693
2026/08/11 18:15:00,0.17003392345543392
2026/08/11 18:20:00,0.16663450608315164
2026/08/11 18:25:00,0.16666887511555734
2026/08/11 18:30:00,0.16836447987832914
2026/08/11 18:35:00,0.16329782604472423
2026/08/11 18:40:00,0.1700004584327025
2026/08/11 18:45:00,0.16166551496754816
2026/08/11 18:50:00,0.18670056712899014
2026/08/11 18:55:00,0.16330297612207006
2026/08/11 19:00:00,0.1683701013262975
2026/08/11 19:05:00,0.16496623888291467
2026/08/11 19:10:00,0.1650367601691253
2026/08/11 19:15:00,0.16496883830703615
2026/08/11 19:20:00,0.17166563347200703
2026/08/11 19:25:00,0.17503464563043408
2026/08/11 19:30:00,0.1783189146852194
2026/08/11 19:35:00,0.1649966522553647
2026/08/11 19:40:00,0.166662245564911
2026/08/11 19:45:00,0.1666632124040926
2026/08/11 19:50:00,0.16666501384823512
2026/08/11 19:55:00,0.16496559111140705
2026/08/11 20:00:00,0.1733669269469763
2026/08/11 20:05:00,0.16666666668518515
2026/08/11 20:10:00,0.17499377548728803
2026/08/11 20:15:00,0.16829785504712552
2026/08/11 20:20:00,0.16833205568981335
2026/08/11 20:25:00,0.18670011830475225
2026/08/11 20:30:00,0.16996739606847308
2026/08/11 20:35:00,0.1616731966400065
2026/08/11 20:40:00,0.17000725315696713
2026/08/11 20:45:00,0.1617029662621086
2026/08/11 20:50:00,0.1700035156333835
2026/08/11 20:55:00,0.16166506880149012
2026/08/11 21:00:00,0.1699932570335407
2026/08/11 21:05:00,0.1633403942812888
2026/08/11 21:10:00,0.16828884670712477
2026/08/11 21:15:00,0.17003741886149143
2026/08/11 21:20:00,0.16665794161010133
2026/08/11 21:25:00,0.16166222162676328
2026/08/11 21:30:00,0.17000875171119667
2026/08/11 21:35:00,0.15830078234024514
2026/08/11 21:40:00,0.1683336114787114
2026/08/11 21:45:00,0.16336891749668137
2026/08/11 21:50:00,0.1849608037370166
2026/08/11 21:55:00,0.1700395687705803
2026/08/11 22:00:00,0.17166113196526644
2026/08/11 22:05:00,0.1633277002557359
2026/08/11 22:10:00,0.17330114279243794
2026/08/11 22:15:00,0.1650306068165374
2026/08/11 22:20:00,0.19328523209678666
2026/08/11 22:25:00,0.163332308633946
2026/08/11 22:30:00,0.16999867831278592
2026/08/11 22:35:00,0.1649955401417154
2026/08/11 22:40:00,0.16667421268548316
2026/08/11 22:45:00,0.16669886702039818
2026/08/11 22:50:00,0.1683299141795637
2026/08/11 22:55:00,0.1866059171645636
2026/08/11 23:00:00,0.17334318766390638
2026/08/11 23:05:00,0.16499296530073032
2026/08/11 23:10:00,0.18672021457171328
2026/08/11 23:15:00,0.17166853305934296
2026/08/11 23:20:00,0.16666719445324085
2026/08/11 23:25:00,0.16330253773893957
2026/08/11 23:30:00,0.17000979879261097
2026/08/11 23:35:00,0.15999970606702224
2026/08/11 23:40:00,0.17170721988433985
2026/08/11 23:45:00,0.16329892446325892
2026/08/11 23:50:00,0.1700345512591152
2026/08/11 23:55:00,0.1616328661287903
2026/08/12 00:00:00,0.18172150147561433
2026/08/12 00:05:00,0.18667268753269134
2026/08/12 00:10:00,0.16666164414463702
2026/08/12 00:15:00,0.16496915984862684
2026/08/12 00:20:00,0.17166567945119926
2026/08/12 00:25:00,0.16166510486736713
2026/08/12 00:30:00,0.18833807896466195
2026/08/12 00:35:00,0.44014816064839113
2026/08/12 00:40:00,0.1750476054357857
2026/08/12 00:45:00,0.16833229165471675
2026/08/12 00:50:00,0.1766317033781196
2026/08/12 00:55:00,0.1650006254269299
2026/08/12 01:00:00,0.19167107498336683
2026/08/12 01:05:00,0.16336731705075533
2026/08/12 01:10:00,0.17332738356396113
2026/08/12 01:15:00,0.16663105774478343
2026/08/12 01:20:00,0.1733669269553073
2026/08/12 01:25:00,0.1682922629307149
2026/08/12 01:30:00,0.17171015267906203
2026/08/12 01:35:00,0.16167328223056052
2026/08/12 01:40:00,0.17828639934483456
2026/08/12 01:45:00,0.1633326599457346
2026/08/12 01:50:00,0.17334548251669984
2026/08/12 01:55:00,0.16169721548215366
2026/08/12 02:00:00,0.169961668874363
2026/08/12 02:05:00,0.16666559682856724
2026/08/12 02:10:00,0.16833335367147156
2026/08/12 02:15:00,0.16667076922282878
2026/08/12 02:20:00,0.1733665215597163
2026/08/12 02:25:00,0.17999535125046132
2026/08/12 02:30:00,0.1749932013597097
2026/08/12 02:35:00,0.16496667634820839
2026/08/12 02:40:00,0.1750439287546557
2026/08/12 02:45:00,0.17000363520413603
2026/08/12 02:50:00,0.17333090752967592
2026/08/12 02:55:00,0.16829955704860738
2026/08/12 03:00:00,0.171700035684038
2026/08/12 03:05:00,0.1833243268805877
2026/08/12 03:10:00,0.18163341988492615
2026/08/12 03:15:00,0.16666843526075914
2026/08/12 03:20:00,0.17336995660316917
2026/08/12 03:25:00,0.16329472845907583
2026/08/12 03:30:00,0.17333201769638854
2026/08/12 03:35:00,0.1700311103701843
2026/08/12 03:40:00,0.1749953368798505
2026/08/12 03:45:00,0.16829793078071012
2026/08/12 03:50:00,0.17666727780648162
2026/08/12 03:55:00,0.1616672581655724
2026/08/12 04:00:00,0.17667372634895137
2026/08/12 04:05:00,0.165002821753401
2026/08/12 04:10:00,0.17166788077759723
2026/08/12 04:15:00,0.1816969821302449
2026/08/12 04:20:00,0.1782782378240375
2026/08/12 04:25:00,0.16336546551177247
2026/08/12 04:30:00,0.1716143609588437
2026/08/12 04:35:00,0.16167237287047218
2026/08/12 04:40:00,0.17500540051104357
2026/08/12 04:45:00,0.16503678407955535
2026/08/12 04:50:00,0.17495519762790657
2026/08/12 04:55:00,0.16502588408404326
2026/08/12 05:00:00,0.17332531766679943
2026/08/12 05:05:00,0.17000195923614952
2026/08/12 05:10:00,0.17165755760896137
2026/08/12 05:15:00,0.1799623822193436
2026/08/12 05:20:00,0.18003603884240943
2026/08/12 05:25:00,0.16499676177425757
2026/08/12 05:30:00,0.17333333333333328
2026/08/12 05:35:00,0.1683280007692046
2026/08/12 05:40:00,0.17166501495828873
2026/08/12 05:45:00,0.16496092931685638
2026/08/12 05:50:00,0.16837433358368134
2026/08/12 05:55:00,0.1649981057331817
2026/08/12 06:00:00,0.17662540323067621
2026/08/12 06:05:00,0.16333504932855364
2026/08/12 06:10:00,0.17333333340740736
2026/08/12 06:15:00,0.16503289893047995
2026/08/12 06:20:00,0.29828806788891704
2026/08/12 06:25:00,0.17169935848250212
2026/08/12 06:30:00,0.17166676796258099
2026/08/12 06:35:00,0.2566292565520913
2026/08/12 06:40:00,0.18670887474562264
2026/08/12 06:45:00,0.16496453566510957
2026/08/12 06:50:00,0.1750009598831786
2026/08/12 06:55:00,0.16500184943546464
2026/08/12 07:00:00,0.1766681286037683
2026/08/12 07:05:00,0.19668242776294725
2026/08/12 07:10:00,0.17670028576227856
2026/08/12 07:15:00,0.1983575441295554
2026/08/12 07:20:00,0.17166846198714225
2026/08/12 07:25:00,0.16496675630581986
2026/08/12 07:30:00,0.17167160804614084
2026/08/12 07:35:00,0.16503738515166982
2026/08/12 07:40:00,0.16996253228032945
2026/08/12 07:45:00,0.16836779849739072
2026/08/12 07:50:00,0.16999357377708074
2026/08/12 07:55:00,0.17166053489664904
2026/08/12 08:00:00,0.19667536684331138
2026/08/12 08:05:00,0.16833340023804555
2026/08/12 08:10:00,0.1749563343650366
2026/08/12 08:15:00,0.16836784120302073
2026/08/12 08:20:00,0.1766302298934111
2026/08/12 08:25:00,0.1633656452016376
2026/08/12 08:30:00,0.17329847417255667
2026/08/12 08:35:00,0.16833168446304447
2026/08/12 08:40:00,0.17000187950535586
2026/08/12 08:45:00,0.16336668590852807
2026/08/12 08:50:00,0.17329954868823275
2026/08/12 08:55:00,0.163334711938879
2026/08/12 09:00:00,0.17334077072536397
2026/08/12 09:05:00,0.16667089824070594
2026/08/12 09:10:00,0.1716725536905178
2026/08/12 09:15:00,0.1699978652298948
2026/08/12 09:20:00,0.17003302643450657
2026/08/12 09:25:00,0.16829828689339715
2026/08/12 09:30:00,0.17170754279973494
2026/08/12 09:35:00,0.16663189757112734
2026/08/12 09:40:00,0.17336005489810416
2026/08/12 09:45:00,0.16332886507103928
2026/08/12 09:50:00,0.19163450493851647
2026/08/12 09:55:00,0.17169996442344457
2026/08/12 10:00:00,0.1699607632994169
2026/08/12 10:05:00,0.17166568086160378
2026/08/12 10:10:00,0.27344342535416655
2026/08/12 10:15:00,0.1716275959659314
2026/08/12 10:20:00,0.17504103756202846
2026/08/12 10:25:00,0.16999949491722127
2026/08/12 10:30:00,0.16995878166618122
2026/08/12 10:35:00,0.17170826371080294
2026/08/12 10:40:00,0.16829361510880983
2026/08/12 10:45:00,0.1716650212010539
2026/08/12 10:50:00,0.1716770008539678
2026/08/12 10:55:00,0.16670766748368684
2026/08/12 11:00:00,0.1932916027584643
2026/08/12 11:05:00,0.16503623867758432
2026/08/12 11:10:00,0.17666445959849245
2026/08/12 11:15:00,0.16999644053061364
2026/08/12 11:20:00,0.17162953540901812
2026/08/12 11:25:00,0.1717005937164146
2026/08/12 11:30:00,0.16996301667593228
2026/08/12 11:35:00,0.16503222830117972
2026/08/12 11:40:00,0.17496695268799842
2026/08/12 11:45:00,0.1650006290870896
2026/08/12 11:50:00,0.17670188688564675
2026/08/12 11:55:00,0.16333173281389907
2026/08/12 12:00:00,0.17166852219470372
2026/08/12 12:05:00,0.1699628597157094
2026/08/12 12:10:00,0.17000063389433187
2026/08/12 12:15:00,0.17333163588808334
2026/08/12 12:20:00,0.16833165384764062
2026/08/12 12:25:00,0.16666790938355708
2026/08/12 12:30:00,0.17167073334189312
2026/08/12 12:35:00,0.1667029744133133
2026/08/12 12:40:00,0.18834484602711715
2026/08/12 12:45:00,0.17496447018426
2026/08/12 12:50:00,0.17003744525741915
2026/08/12 12:55:00,0.1699981794389291
2026/08/12 13:00:00,0.17163198405873395
2026/08/12 13:05:00,0.16666786243824164
2026/08/12 13:10:00,0.1750054224654288
2026/08/12 13:15:00,0.16837052801957464
2026/08/12 13:20:00,0.1766618808702017
2026/08/12 13:25:00,0.16666675099815403
2026/08/12 13:30:00,0.19997875669642418
2026/08/12 13:35:00,0.17333510441328862
2026/08/12 13:40:00,0.1716580657234851
2026/08/12 13:45:00,0.1732971762609589
2026/08/12 13:50:00,0.17499940684452528
2026/08/12 13:55:00,0.17333455001720646
2026/08/12 14:00:00,0.1816728726639331
2026/08/12 14:05:00,0.170001372315055
2026/08/12 14:10:00,0.175007127667478
2026/08/12 14:15:00,0.17332946392136392
2026/08/12 14:20:00,0.1716711824250528
2026/08/12 14:25:00,0.17333521185428957
2026/08/12 14:30:00,0.18665283572819336
2026/08/12 14:35:00,0.17504761811151592
2026/08/12 14:40:00,0.16999776978935718
2026/08/12 14:45:00,0.1666317022873319
2026/08/12 14:50:00,0.17170761355940375
2026/08/12 14:55:00,0.16829672444651775
2026/08/12 15:00:00,0.17000361482551613
2026/08/12 15:05:00,0.17002887865372013
2026/08/12 15:10:00,0.17166612608897835
2026/08/12 15:15:00,0.17496697547903337
2026/08/12 15:20:00,0.1750359079746026
2026/08/12 15:25:00,0.1666357398729353
2026/08/12 15:30:00,0.17170297056828038
2026/08/12 15:35:00,0.16829425446884988
2026/08/12 15:40:00,0.17003035713289066
2026/08/12 15:45:00,0.1683351973158767
2026/08/12 15:50:00,0.1666683172411735
2026/08/12 15:55:00,0.18995781781837134
2026/08/12 16:00:00,0.1716956653644264
2026/08/12 16:05:00,0.16500059897183536
2026/08/12 16:10:00,0.17330006495746847
2026/08/12 16:15:00,0.16832995901510278
2026/08/12 16:20:00,0.17003328494919662
2026/08/12 16:25:00,0.16665784972967018
2026/08/12 16:30:00,0.16662430496444985
2026/08/12 16:35:00,0.16836717620319402
2026/08/12 16:40:00,0.18833336115416663
2026/08/12 16:45:00,0.1666647688513235
2026/08/12 16:50:00,0.17332468531880757
2026/08/12 16:55:00,0.16496336220543995
2026/08/12 17:00:00,0.17169992496625025
2026/08/12 17:05:00,0.16666508168532773
2026/08/12 17:10:00,0.191675244604042
2026/08/12 17:15:00,0.16829591175429273
2026/08/12 17:20:00,0.17334152535780784
2026/08/12 17:25:00,0.17003445465207126
2026/08/12 17:30:00,0.16996755279127426
2026/08/12 17:35:00,0.24332808440632836
2026/08/12 17:40:00,0.1850400728649923
2026/08/12 17:45:00,0.16499996267785827
2026/08/12 17:50:00,0.17166332475890186
2026/08/12 17:55:00,0.17166125607833363
2026/08/12 18:00:00,0.1699911962021267
2026/08/12 18:05:00,0.1716644271949174
2026/08/12 18:10:00,0.16995808856067673
2026/08/12 18:15:00,0.16837435343629953
2026/08/12 18:20:00,0.17333512613150162
2026/08/12 18:25:00,0.18499498106341972
2026/08/12 18:30:00,0.17496336564145093
2026/08/12 18:35:00,0.16500240659470525
2026/08/12 18:40:00,0.1717099057220988
2026/08/12 18:45:00,0.16833165499398295
2026/08/12 18:50:00,0.16999642921632074
2026/08/12 18:55:00,0.16829836889844393
2026/08/12 19:00:00,0.17170871088709436
2026/08/12 19:05:00,0.16499951795378456
2026/08/12 19:10:00,0.16999702051200907
2026/08/12 19:15:00,0.16829889559510097
2026/08/12 19:20:00,0.1717046114311389
2026/08/12 19:25:00,0.16999837115369726
2026/08/12 19:30:00,0.16829899207073848
2026/08/12 19:35:00,0.1683693998012082
2026/08/12 19:40:00,0.17834363750741722
2026/08/12 19:45:00,0.17499140858922976
2026/08/12 19:50:00,0.17162705542162118
2026/08/12 19:55:00,0.1667046924087218
2026/08/12 20:00:00,0.17833263845684835
2026/08/12 20:05:00,0.16496394766625616
2026/08/12 20:10:00,0.17000477234425404
2026/08/12 20:15:00,0.16503206198505888
2026/08/12 20:20:00,0.19000645416473125
2026/08/12 20:25:00,0.16333333335185182
2026/08/12 20:30:00,0.17162661602581647
2026/08/12 20:35:00,0.168366591669953
2026/08/12 20:40:00,0.17499997224027775
2026/08/12 20:45:00,0.1649908562473464
2026/08/12 20:50:00,0.16996731155583672
2026/08/12 20:55:00,0.17170114675903925
2026/08/12 21:00:00,0.1749670616581512
2026/08/12 21:05:00,0.17003442817209152
2026/08/12 21:10:00,0.17662700022522257
2026/08/12 21:15:00,0.17000004054737813
2026/08/12 21:20:00,0.17166258252917463
2026/08/12 21:25:00,0.16666507587592294
2026/08/12 21:30:00,0.183333114269744
2026/08/12 21:35:00,0.17336767574472106
2026/08/12 21:40:00,0.1716636350817345
2026/08/12 21:45:00,0.16666275708332026
2026/08/12 21:50:00,0.1766313133910355
2026/08/12 21:55:00,0.1650361502739078
2026/08/12 22:00:00,0.1733001928565693
2026/08/12 22:05:00,0.16836486382403815
2026/08/12 22:10:00,0.18661956635549093
2026/08/12 22:15:00,0.17837264865344687
2026/08/12 22:20:00,0.17329240143495805
2026/08/12 22:25:00,0.16669568055751804
2026/08/12 22:30:00,0.16999329691822784
2026/08/12 22:35:00,0.16329554997079815
2026/08/12 22:40:00,0.17336425534217245
2026/08/12 22:45:00,0.16163181160953893
2026/08/12 22:50:00,0.17503881779437824
2026/08/12 22:55:00,0.1900074415478404
2026/08/12 23:00:00,0.16663206695442861
2026/08/12 23:05:00,0.1733671189919094
2026/08/12 23:10:00,0.16996634046106535
2026/08/12 23:15:00,0.1667027614035374
2026/08/12 23:20:00,0.17165999125339865
2026/08/12 23:25:00,0.16163518323570739
2026/08/12 23:30:00,0.17003356060321922
2026/08/12 23:35:00,0.16499657249572958
2026/08/12 23:40:00,0.16995711673803302
2026/08/12 23:45:00,0.1916559133145071
2026/08/12 23:50:00,0.16667130273547873
2026/08/12 23:55:00,0.15666921375855541
2026/08/13 00:00:00,0.1683716352217391
2026/08/13 00:05:00,0.18665474101134008
2026/08/13 00:10:00,0.17833165994858197
2026/08/13 00:15:00,0.16833909968642266
2026/08/13 00:20:00,0.16833745073841017
2026/08/13 00:25:00,0.16666843051094501
2026/08/13 00:30:00,0.17004383694452202
2026/08/13 00:35:00,0.17116698661193983
2026/08/13 00:40:00,0.1749951847523866
2026/08/13 00:45:00,0.18996336840312963
2026/08/13 00:50:00,0.17170408737247858
2026/08/13 00:55:00,0.16830098037426272
2026/08/13 01:00:00,0.1716754464964519
2026/08/13 01:05:00,0.16666561732722002
2026/08/13 01:10:00,0.17169601463827106
2026/08/13 01:15:00,0.16666663894490824
2026/08/13 01:20:00,0.17166468193192355
2026/08/13 01:25:00,0.18831469321043076
2026/08/13 01:30:00,0.17166613897546273
2026/08/13 01:35:00,0.1732980610253571
2026/08/13 01:40:00,0.17003501627926143
2026/08/13 01:45:00,0.16496502392020607
2026/08/13 01:50:00,0.17333629897585176
2026/08/13 01:55:00,0.4433772554768124
2026/08/13 02:00:00,0.17499979127203397
2026/08/13 02:05:00,0.16662838113750073
2026/08/13 02:10:00,0.16836465817036875
2026/08/13 02:15:00,0.1732980393696127
2026/08/13 02:20:00,0.1683342088771763
2026/08/13 02:25:00,0.18666854170629446
2026/08/13 02:30:00,0.17503965208493216
2026/08/13 02:35:00,0.1649983205328258
2026/08/13 02:40:00,0.17662601871571176
2026/08/13 02:45:00,0.16667076685056284
2026/08/13 02:50:00,0.17333367686544587
2026/08/13 02:55:00,0.17003727446991596
2026/08/13 03:00:00,0.1716244661172334
2026/08/13 03:05:00,0.1666610882945892
2026/08/13 03:10:00,0.19000274408699266
2026/08/13 03:15:00,0.1683702013212051
2026/08/13 03:20:00,0.17332644079242893
2026/08/13 03:25:00,0.16163062154380264
2026/08/13 03:30:00,0.1717077622974486
2026/08/13 03:35:00,0.16833636571577787
2026/08/13 03:40:00,0.1699937684313372
2026/08/13 03:45:00,0.16830008887410736
2026/08/13 03:50:00,0.1717050817778686
2026/08/13 03:55:00,0.16499497391870727
2026/08/13 04:00:00,0.17328811696627344
2026/08/13 04:05:00,0.1833718872703562
2026/08/13 04:10:00,0.1699678362740838
2026/08/13 04:15:00,0.16832722402599207
2026/08/13 04:20:00,0.16836271850725554
2026/08/13 04:25:00,0.16829834117668377
2026/08/13 04:30:00,0.17003498567398934
2026/08/13 04:35:00,0.16496335854064814
2026/08/13 04:40:00,0.1733731467840778
2026/08/13 04:45:00,0.1649646577243163
2026/08/13 04:50:00,0.1700059099912609
2026/08/13 04:55:00,0.16833204400669724
2026/08/13 05:00:00,0.17333691723091782
2026/08/13 05:05:00,0.16836948055720052
2026/08/13 05:10:00,0.16663114444818075
2026/08/13 05:15:00,0.16837421477260334
2026/08/13 05:20:00,0.17496189261935516
2026/08/13 05:25:00,0.16503514167901429
2026/08/13 05:30:00,0.171631020473656
2026/08/13 05:35:00,0.16503225392984663
2026/08/13 05:40:00,0.16833187179532028
2026/08/13 05:45:00,0.16829894889379932
2026/08/13 05:50:00,0.16832984063416
2026/08/13 05:55:00,0.18834299618903264
2026/08/13 06:00:00,0.17503606752621087
2026/08/13 06:05:00,0.1666265871356246
2026/08/13 06:10:00,0.17336637150258416
2026/08/13 06:15:00,0.16830127497583125
2026/08/13 06:20:00,0.17167083116678994
2026/08/13 06:25:00,0.17170143212909755
2026/08/13 06:30:00,0.16998735089677872
2026/08/13 06:35:00,0.23836239342490034
2026/08/13 06:40:00,0.29500144372906495
2026/08/13 06:45:00,0.18670200576624235
2026/08/13 06:50:00,0.17499204767209178
2026/08/13 06:55:00,0.1666655555740737
2026/08/13 07:00:00,0.1749613977879864
2026/08/13 07:05:00,0.1716677618100806
2026/08/13 07:10:00,0.1733330707335114
2026/08/13 07:15:00,0.1750373372182063
2026/08/13 07:20:00,0.1883209357626166
2026/08/13 07:25:00,0.16833345454059231
2026/08/13 07:30:00,0.1716666812001754
2026/08/13 07:35:00,0.1683023828296219
2026/08/13 07:40:00,0.17336427092056517
2026/08/13 07:45:00,0.17165785844456968
2026/08/13 07:50:00,0.17333223741330847
2026/08/13 07:55:00,0.16833516731717338
2026/08/13 08:00:00,0.18668010669977225
2026/08/13 08:05:00,0.17667073966182073
2026/08/13 08:10:00,0.17166730179700868
2026/08/13 08:15:00,0.17167182188041888
2026/08/13 08:20:00,0.17665534772209318
2026/08/13 08:25:00,0.16662919214080082
2026/08/13 08:30:00,0.1700350482563668
2026/08/13 08:35:00,0.16999671133385483
2026/08/13 08:40:00,0.16832904261871331
2026/08/13 08:45:00,0.16999678689922657
2026/08/13 08:50:00,0.16833295258316233
2026/08/13 08:55:00,0.1682935861872576
2026/08/13 09:00:00,0.18003767612700175
2026/08/13 09:05:00,0.16664005736394916
2026/08/13 09:10:00,0.19673274631759458
2026/08/13 09:15:00,0.17163018443778782
2026/08/13 09:20:00,0.17504033958914286
2026/08/13 09:25:00,0.1699597263487766
2026/08/13 09:30:00,0.16837177647506424
2026/08/13 09:35:00,0.16333057766704315
2026/08/13 09:40:00,0.193347844807103
2026/08/13 09:45:00,0.1649666428109561
2026/08/13 09:50:00,0.17667091408254365
2026/08/13 09:55:00,0.16503003110377837
2026/08/13 10:00:00,0.17329946468577598
2026/08/13 10:05:00,0.1666974371171389
2026/08/13 10:10:00,0.17000174199824783
2026/08/13 10:15:00,0.1649966800150869
2026/08/13 10:20:00,0.17663348131330908
2026/08/13 10:25:00,0.1666638762739552
2026/08/13 10:30:00,0.17667683638987092
2026/08/13 10:35:00,0.16500120672691296
2026/08/13 10:40:00,0.1950553598335131
2026/08/13 10:45:00,0.17000007235373865
2026/08/13 10:50:00,0.17166847178994127
2026/08/13 10:55:00,0.17333274091853576
2026/08/13 11:00:00,0.2515908066249325
2026/08/13 11:05:00,0.1866213829896329
2026/08/13 11:10:00,0.17503869508840367
2026/08/13 11:15:00,0.16830141945686827
2026/08/13 11:20:00,0.1733396966090726
2026/08/13 11:25:00,0.1666984061008363
2026/08/13 11:30:00,0.1716354539408065
2026/08/13 11:35:00,0.16836545054377228
2026/08/13 11:40:00,0.16829498280428123
2026/08/13 11:45:00,0.16832936212773092
2026/08/13 11:50:00,0.17837326065812975
2026/08/13 11:55:00,0.16333751923830922
2026/08/13 12:00:00,0.17499616862786177
2026/08/13 12:05:00,0.16496325019420582
2026/08/13 12:10:00,0.1700318406140066
2026/08/13 12:15:00,0.2649811784345564
2026/08/13 12:20:00,0.1817055633342311
2026/08/13 12:25:00,0.16830058826305336
2026/08/13 12:30:00,0.17169938756464503
2026/08/13 12:35:00,0.16499740072088614
2026/08/13 12:40:00,0.17499944959308245
2026/08/13 12:45:00,0.16663177696700188
2026/08/13 12:50:00,0.17167034270932413
2026/08/13 12:55:00,0.1683738090220285
2026/08/13 13:00:00,0.16999837273859578
2026/08/13 13:05:00,0.17162159058036508
2026/08/13 13:10:00,0.17003582967528344
2026/08/13 13:15:00,0.1700017385064431
2026/08/13 13:20:00,0.17162780167140504
2026/08/13 13:25:00,0.18170884540380233
2026/08/13 13:30:00,0.17665594028817275
2026/08/13 13:35:00,0.16162734849415902
2026/08/13 13:40:00,0.17170382509639584
2026/08/13 13:45:00,0.16667000896619374
2026/08/13 13:50:00,0.16996786749103132
2026/08/13 13:55:00,0.16836730369579145
2026/08/13 14:00:00,0.16999951795378454
2026/08/13 14:05:00,0.18665963375218864
2026/08/13 14:10:00,0.1766273079883724
2026/08/13 14:15:00,0.1700029335561171
2026/08/13 14:20:00,0.17836422136722252
2026/08/13 14:25:00,0.1649997915290411
2026/08/13 14:30:00,0.17333305563888854
2026/08/13 14:35:00,0.16497186098348554
2026/08/13 14:40:00,0.17499919450046156
2026/08/13 14:45:00,0.16502837839863713
2026/08/13 14:50:00,0.17666943916405797
2026/08/13 14:55:00,0.1683357778910582
2026/08/13 15:00:00,0.1782915108011151
2026/08/13 15:05:00,0.16499742781367477
2026/08/13 15:10:00,0.17333326390658554
2026/08/13 15:15:00,0.19003642643865498
2026/08/13 15:20:00,0.17328929246515465
2026/08/13 15:25:00,0.16666432638023163
2026/08/13 15:30:00,0.17166562384072456
2026/08/13 15:35:00,0.164997739711256
2026/08/13 15:40:00,0.17501160910152302
2026/08/13 15:45:00,0.1649972361630459
2026/08/13 15:50:00,0.17337723270481503
2026/08/13 15:55:00,0.16330159061986999
2026/08/13 16:00:00,0.17500112812773277
2026/08/13 16:05:00,0.18504760544784
2026/08/13 16:10:00,0.16999898968662747
2026/08/13 16:15:00,0.16829945311101704
2026/08/13 16:20:00,0.1683731220656314
2026/08/13 16:25:00,0.16666459099836317
2026/08/13 16:30:00,0.17166565163996947
2026/08/13 16:35:00,0.16666673446472632
2026/08/13 16:40:00,0.17167136743800618
2026/08/13 16:45:00,0.15999724522228922
2026/08/13 16:50:00,0.1749662111055999
2026/08/13 16:55:00,0.16999511771007142
2026/08/13 17:00:00,0.175008640000392
2026/08/13 17:05:00,0.1733348441244263
2026/08/13 17:10:00,0.1900337199074802
2026/08/13 17:15:00,0.1666680002213996
2026/08/13 17:20:00,0.17163433835333103
2026/08/13 17:25:00,0.16333051445008603
2026/08/13 17:30:00,0.17332940345213965
2026/08/13 17:35:00,0.16336600624099448
2026/08/13 17:40:00,0.1749985765622897
2026/08/13 17:45:00,0.16829973005891724
2026/08/13 17:50:00,0.17000110205719127
2026/08/13 17:55:00,0.16670291176137422
2026/08/13 18:00:00,0.17495693826352657
2026/08/13 18:05:00,0.16336725671098948
2026/08/13 18:10:00,0.1749673714716451
2026/08/13 18:15:00,0.16503007562376143
2026/08/13 18:20:00,0.17163232668555234
2026/08/13 18:25:00,0.16502942422128647
2026/08/13 18:30:00,0.17166597226990715
2026/08/13 18:35:00,0.16667366689702456
2026/08/13 18:40:00,0.16996170518391973
2026/08/13 18:45:00,0.1633685763568295
2026/08/13 18:50:00,0.19165172360700802
2026/08/13 18:55:00,0.16163512617060913
2026/08/13 19:00:00,0.17003318914408266
2026/08/13 19:05:00,0.16499437174375092
2026/08/13 19:10:00,0.17162822221105173
2026/08/13 19:15:00,0.19003858594320538
2026/08/13 19:20:00,0.17165960744002567
2026/08/13 19:25:00,0.16496407060953197
2026/08/13 19:30:00,0.17337978080333832
2026/08/13 19:35:00,0.16330121843369652
2026/08/13 19:40:00,0.17000282369604264
2026/08/13 19:45:00,0.1667004547196617
2026/08/13 19:50:00,0.16996527443950904
2026/08/13 19:55:00,0.1733299049695119
2026/08/13 20:00:00,0.17336585336113952
2026/08/13 20:05:00,0.16663857967745954
2026/08/13 20:10:00,0.17503520079998344
2026/08/13 20:15:00,0.16666398173542457
2026/08/13 20:20:00,0.17162614523099962
2026/08/13 20:25:00,0.16670459542955957